id,Product,Facility,Year,Season,Energy_Use_kWh,Water_Use_L,CO2_Emissions_kg,Waste_kg,Units_Produced
1,Whole Milk,Copenhagen Plant,2021,Winter,2720,9227,175,24,1267
2,Whole Milk,Aarhus Plant,2021,Winter,2889,9801,186,26,1290
3,Whole Milk,Odense Plant,2021,Winter,2876,9757,185,26,1232
4,Whole Milk,Aalborg Plant,2021,Winter,3002,10187,193,27,1237
5,Skim Milk,Copenhagen Plant,2021,Winter,2607,9223,165,22,1199
6,Skim Milk,Aarhus Plant,2021,Winter,2259,7993,143,19,995
7,Skim Milk,Odense Plant,2021,Winter,2800,9909,178,24,1185
8,Skim Milk,Aalborg Plant,2021,Winter,2762,9774,175,23,1124
9,Organic Milk,Copenhagen Plant,2021,Winter,3034,9955,199,27,927
10,Organic Milk,Aarhus Plant,2021,Winter,2870,9418,188,25,841
11,Organic Milk,Odense Plant,2021,Winter,2913,9559,191,25,819
12,Organic Milk,Aalborg Plant,2021,Winter,3245,10647,213,28,878
13,Cheddar Cheese,Copenhagen Plant,2021,Winter,1850,3532,235,38,347
14,Cheddar Cheese,Aarhus Plant,2021,Winter,2181,4163,278,45,392
15,Cheddar Cheese,Odense Plant,2021,Winter,2113,4033,269,43,365
16,Cheddar Cheese,Aalborg Plant,2021,Winter,2243,4282,285,46,372
17,Mozzarella Cheese,Copenhagen Plant,2021,Winter,1986,3784,251,40,432
18,Mozzarella Cheese,Aarhus Plant,2021,Winter,2098,3996,265,42,437
19,Mozzarella Cheese,Odense Plant,2021,Winter,1960,3734,247,39,392
20,Mozzarella Cheese,Aalborg Plant,2021,Winter,2394,4560,302,48,460
21,Blue Cheese,Copenhagen Plant,2021,Winter,2093,3924,279,48,265
22,Blue Cheese,Aarhus Plant,2021,Winter,2394,4489,319,55,291
23,Blue Cheese,Odense Plant,2021,Winter,2432,4561,324,56,284
24,Blue Cheese,Aalborg Plant,2021,Winter,2484,4657,331,57,279
25,Cream Cheese,Copenhagen Plant,2021,Winter,1661,3322,210,33,428
26,Cream Cheese,Aarhus Plant,2021,Winter,1743,3486,220,35,430
27,Cream Cheese,Odense Plant,2021,Winter,1959,3918,247,39,464
28,Cream Cheese,Aalborg Plant,2021,Winter,2160,4319,273,43,492
29,Greek Yogurt,Copenhagen Plant,2021,Winter,1561,6243,130,30,801
30,Greek Yogurt,Aarhus Plant,2021,Winter,1645,6580,137,32,809
31,Greek Yogurt,Odense Plant,2021,Winter,1860,7442,155,36,879
32,Greek Yogurt,Aalborg Plant,2021,Winter,1962,7847,163,38,891
33,Regular Yogurt,Copenhagen Plant,2021,Winter,1598,6792,135,30,999
34,Regular Yogurt,Aarhus Plant,2021,Winter,1492,6342,126,28,894
35,Regular Yogurt,Odense Plant,2021,Winter,1654,7028,140,31,951
36,Regular Yogurt,Aalborg Plant,2021,Winter,1544,6563,130,29,854
37,Flavored Yogurt,Copenhagen Plant,2021,Winter,1513,6050,125,29,827
38,Flavored Yogurt,Aarhus Plant,2021,Winter,1823,7291,151,34,955
39,Flavored Yogurt,Odense Plant,2021,Winter,1902,7608,158,36,956
40,Flavored Yogurt,Aalborg Plant,2021,Winter,1798,7191,149,34,869
41,Salted Butter,Copenhagen Plant,2021,Winter,1383,1874,187,25,310
42,Salted Butter,Aarhus Plant,2021,Winter,1399,1895,190,25,301
43,Salted Butter,Odense Plant,2021,Winter,1524,2065,206,28,315
44,Salted Butter,Aalborg Plant,2021,Winter,1658,2246,225,30,329
45,Unsalted Butter,Copenhagen Plant,2021,Winter,1430,1906,195,25,352
46,Unsalted Butter,Aarhus Plant,2021,Winter,1536,2048,210,27,363
47,Unsalted Butter,Odense Plant,2021,Winter,1382,1843,189,24,313
48,Unsalted Butter,Aalborg Plant,2021,Winter,1711,2281,234,30,373
49,Heavy Cream,Copenhagen Plant,2021,Winter,1214,2832,131,22,572
50,Heavy Cream,Aarhus Plant,2021,Winter,1200,2800,130,22,542
51,Heavy Cream,Odense Plant,2021,Winter,1204,2810,130,22,522
52,Heavy Cream,Aalborg Plant,2021,Winter,1192,2781,129,22,497
53,Light Cream,Copenhagen Plant,2021,Winter,1044,2467,114,19,598
54,Light Cream,Aarhus Plant,2021,Winter,1078,2547,118,20,592
55,Light Cream,Odense Plant,2021,Winter,1037,2452,113,19,547
56,Light Cream,Aalborg Plant,2021,Winter,1250,2954,136,23,634
57,Whipping Cream,Copenhagen Plant,2021,Winter,1223,2727,127,22,501
58,Whipping Cream,Aarhus Plant,2021,Winter,1140,2542,118,20,447
59,Whipping Cream,Odense Plant,2021,Winter,1185,2644,123,21,447
60,Whipping Cream,Aalborg Plant,2021,Winter,1338,2985,139,24,485
61,Sour Cream,Copenhagen Plant,2021,Winter,1259,2878,126,22,450
62,Sour Cream,Aarhus Plant,2021,Winter,1392,3183,139,25,477
63,Sour Cream,Odense Plant,2021,Winter,1489,3403,149,27,489
64,Sour Cream,Aalborg Plant,2021,Winter,1420,3246,142,25,449
65,Cottage Cheese,Copenhagen Plant,2021,Winter,1452,3432,136,28,497
66,Cottage Cheese,Aarhus Plant,2021,Winter,1519,3590,143,29,499
67,Cottage Cheese,Odense Plant,2021,Winter,1608,3800,151,31,507
68,Cottage Cheese,Aalborg Plant,2021,Winter,1552,3668,146,30,470
69,Ice Cream,Copenhagen Plant,2021,Winter,2826,5552,313,66,790
70,Ice Cream,Aarhus Plant,2021,Winter,2602,5111,288,60,697
71,Ice Cream,Odense Plant,2021,Winter,2937,5768,325,68,755
72,Ice Cream,Aalborg Plant,2021,Winter,2746,5394,304,64,679
73,Whole Milk,Copenhagen Plant,2021,Spring,2635,8940,169,24,1227
74,Whole Milk,Aarhus Plant,2021,Spring,2767,9388,178,25,1235
75,Whole Milk,Odense Plant,2021,Spring,2785,9449,179,25,1194
76,Whole Milk,Aalborg Plant,2021,Spring,3009,10208,193,27,1240
77,Skim Milk,Copenhagen Plant,2021,Spring,2620,9269,166,22,1205
78,Skim Milk,Aarhus Plant,2021,Spring,2406,8513,153,20,1060
79,Skim Milk,Odense Plant,2021,Spring,2598,9194,165,22,1099
80,Skim Milk,Aalborg Plant,2021,Spring,2854,10100,181,24,1161
81,Organic Milk,Copenhagen Plant,2021,Spring,2905,9533,191,25,888
82,Organic Milk,Aarhus Plant,2021,Spring,3052,10014,200,27,894
83,Organic Milk,Odense Plant,2021,Spring,3549,11646,233,31,998
84,Organic Milk,Aalborg Plant,2021,Spring,3633,11920,238,32,982
85,Cheddar Cheese,Copenhagen Plant,2021,Spring,2116,4040,269,43,397
86,Cheddar Cheese,Aarhus Plant,2021,Spring,2015,3847,256,41,363
87,Cheddar Cheese,Odense Plant,2021,Spring,2323,4435,296,48,401
88,Cheddar Cheese,Aalborg Plant,2021,Spring,2325,4439,296,48,386
89,Mozzarella Cheese,Copenhagen Plant,2021,Spring,2081,3963,263,42,452
90,Mozzarella Cheese,Aarhus Plant,2021,Spring,2004,3816,253,40,417
91,Mozzarella Cheese,Odense Plant,2021,Spring,2003,3815,253,40,401
92,Mozzarella Cheese,Aalborg Plant,2021,Spring,2363,4500,298,47,454
93,Blue Cheese,Copenhagen Plant,2021,Spring,2460,4612,328,56,312
94,Blue Cheese,Aarhus Plant,2021,Spring,2419,4536,323,55,294
95,Blue Cheese,Odense Plant,2021,Spring,2588,4852,345,59,302
96,Blue Cheese,Aalborg Plant,2021,Spring,2419,4535,322,55,271
97,Cream Cheese,Copenhagen Plant,2021,Spring,1989,3978,251,40,512
98,Cream Cheese,Aarhus Plant,2021,Spring,1861,3723,235,37,459
99,Cream Cheese,Odense Plant,2021,Spring,1975,3950,249,40,468
100,Cream Cheese,Aalborg Plant,2021,Spring,2191,4381,277,44,499
101,Greek Yogurt,Copenhagen Plant,2021,Spring,1907,7630,159,37,979
102,Greek Yogurt,Aarhus Plant,2021,Spring,1719,6876,143,33,846
103,Greek Yogurt,Odense Plant,2021,Spring,1863,7452,155,36,880
104,Greek Yogurt,Aalborg Plant,2021,Spring,1914,7657,160,37,869
105,Regular Yogurt,Copenhagen Plant,2021,Spring,1435,6098,121,27,897
106,Regular Yogurt,Aarhus Plant,2021,Spring,1651,7018,139,31,989
107,Regular Yogurt,Odense Plant,2021,Spring,1775,7544,150,33,1021
108,Regular Yogurt,Aalborg Plant,2021,Spring,1747,7426,147,33,966
109,Flavored Yogurt,Copenhagen Plant,2021,Spring,1639,6554,136,31,896
110,Flavored Yogurt,Aarhus Plant,2021,Spring,1801,7204,149,34,943
111,Flavored Yogurt,Odense Plant,2021,Spring,1954,7817,162,37,983
112,Flavored Yogurt,Aalborg Plant,2021,Spring,2087,8349,173,39,1009
113,Salted Butter,Copenhagen Plant,2021,Spring,1368,1853,185,25,307
114,Salted Butter,Aarhus Plant,2021,Spring,1549,2099,210,28,333
115,Salted Butter,Odense Plant,2021,Spring,1764,2390,239,32,364
116,Salted Butter,Aalborg Plant,2021,Spring,1716,2325,233,31,341
117,Unsalted Butter,Copenhagen Plant,2021,Spring,1441,1921,197,25,355
118,Unsalted Butter,Aarhus Plant,2021,Spring,1552,2070,212,27,367
119,Unsalted Butter,Odense Plant,2021,Spring,1648,2198,225,29,374
120,Unsalted Butter,Aalborg Plant,2021,Spring,1500,2000,205,26,327
121,Heavy Cream,Copenhagen Plant,2021,Spring,1174,2740,127,22,553
122,Heavy Cream,Aarhus Plant,2021,Spring,1235,2881,134,23,557
123,Heavy Cream,Odense Plant,2021,Spring,1169,2729,127,21,507
124,Heavy Cream,Aalborg Plant,2021,Spring,1188,2772,129,22,495
125,Light Cream,Copenhagen Plant,2021,Spring,1056,2495,115,19,605
126,Light Cream,Aarhus Plant,2021,Spring,1049,2479,114,19,576
127,Light Cream,Odense Plant,2021,Spring,1131,2674,123,21,597
128,Light Cream,Aalborg Plant,2021,Spring,1202,2841,131,22,609
129,Whipping Cream,Copenhagen Plant,2021,Spring,1151,2568,120,20,472
130,Whipping Cream,Aarhus Plant,2021,Spring,1247,2781,129,22,490
131,Whipping Cream,Odense Plant,2021,Spring,1289,2874,134,23,486
132,Whipping Cream,Aalborg Plant,2021,Spring,1484,3310,154,26,538
133,Sour Cream,Copenhagen Plant,2021,Spring,1262,2884,126,23,451
134,Sour Cream,Aarhus Plant,2021,Spring,1510,3451,151,27,517
135,Sour Cream,Odense Plant,2021,Spring,1514,3460,151,27,497
136,Sour Cream,Aalborg Plant,2021,Spring,1430,3269,143,26,452
137,Cottage Cheese,Copenhagen Plant,2021,Spring,1516,3584,142,29,519
138,Cottage Cheese,Aarhus Plant,2021,Spring,1649,3898,155,32,541
139,Cottage Cheese,Odense Plant,2021,Spring,1828,4321,172,35,576
140,Cottage Cheese,Aalborg Plant,2021,Spring,1817,4296,171,35,551
141,Ice Cream,Copenhagen Plant,2021,Spring,2963,5820,328,69,828
142,Ice Cream,Aarhus Plant,2021,Spring,2601,5110,288,60,697
143,Ice Cream,Odense Plant,2021,Spring,3206,6297,355,74,824
144,Ice Cream,Aalborg Plant,2021,Spring,3135,6159,347,73,775
145,Whole Milk,Copenhagen Plant,2021,Summer,2910,9873,187,26,1356
146,Whole Milk,Aarhus Plant,2021,Summer,3128,10614,201,28,1397
147,Whole Milk,Odense Plant,2021,Summer,3339,11328,215,30,1431
148,Whole Milk,Aalborg Plant,2021,Summer,2942,9981,189,26,1212
149,Skim Milk,Copenhagen Plant,2021,Summer,2860,10122,182,24,1315
150,Skim Milk,Aarhus Plant,2021,Summer,2566,9080,163,22,1131
151,Skim Milk,Odense Plant,2021,Summer,2734,9675,174,23,1157
152,Skim Milk,Aalborg Plant,2021,Summer,2751,9735,175,23,1119
153,Organic Milk,Copenhagen Plant,2021,Summer,3132,10278,206,27,958
154,Organic Milk,Aarhus Plant,2021,Summer,3713,12183,244,32,1088
155,Organic Milk,Odense Plant,2021,Summer,3848,12627,253,34,1082
156,Organic Milk,Aalborg Plant,2021,Summer,3588,11773,235,31,970
157,Cheddar Cheese,Copenhagen Plant,2021,Summer,2088,3987,266,43,392
158,Cheddar Cheese,Aarhus Plant,2021,Summer,2187,4175,278,45,394
159,Cheddar Cheese,Odense Plant,2021,Summer,2375,4535,302,49,410
160,Cheddar Cheese,Aalborg Plant,2021,Summer,2332,4453,297,48,387
161,Mozzarella Cheese,Copenhagen Plant,2021,Summer,1958,3730,247,39,426
162,Mozzarella Cheese,Aarhus Plant,2021,Summer,2353,4482,297,47,490
163,Mozzarella Cheese,Odense Plant,2021,Summer,2277,4336,287,46,455
164,Mozzarella Cheese,Aalborg Plant,2021,Summer,2421,4611,305,48,466
165,Blue Cheese,Copenhagen Plant,2021,Summer,2247,4213,300,51,285
166,Blue Cheese,Aarhus Plant,2021,Summer,2756,5167,367,63,335
167,Blue Cheese,Odense Plant,2021,Summer,2887,5414,385,66,337
168,Blue Cheese,Aalborg Plant,2021,Summer,2780,5213,371,64,312
169,Cream Cheese,Copenhagen Plant,2021,Summer,1904,3808,240,38,490
170,Cream Cheese,Aarhus Plant,2021,Summer,1885,3769,238,38,465
171,Cream Cheese,Odense Plant,2021,Summer,1954,3909,247,39,463
172,Cream Cheese,Aalborg Plant,2021,Summer,1965,3929,248,39,447
173,Greek Yogurt,Copenhagen Plant,2021,Summer,1658,6634,138,32,851
174,Greek Yogurt,Aarhus Plant,2021,Summer,1816,7264,151,35,893
175,Greek Yogurt,Odense Plant,2021,Summer,2112,8448,176,41,997
176,Greek Yogurt,Aalborg Plant,2021,Summer,2017,8069,168,39,916
177,Regular Yogurt,Copenhagen Plant,2021,Summer,1576,6696,133,30,985
178,Regular Yogurt,Aarhus Plant,2021,Summer,1775,7544,150,33,1063
179,Regular Yogurt,Odense Plant,2021,Summer,1649,7010,139,31,948
180,Regular Yogurt,Aalborg Plant,2021,Summer,2008,8536,169,38,1110
181,Flavored Yogurt,Copenhagen Plant,2021,Summer,1668,6673,138,31,912
182,Flavored Yogurt,Aarhus Plant,2021,Summer,1865,7461,155,35,977
183,Flavored Yogurt,Odense Plant,2021,Summer,2100,8398,174,40,1056
184,Flavored Yogurt,Aalborg Plant,2021,Summer,1807,7227,150,34,874
185,Salted Butter,Copenhagen Plant,2021,Summer,1677,2272,227,30,376
186,Salted Butter,Aarhus Plant,2021,Summer,1780,2411,241,32,383
187,Salted Butter,Odense Plant,2021,Summer,1788,2423,242,32,369
188,Salted Butter,Aalborg Plant,2021,Summer,1753,2375,238,32,348
189,Unsalted Butter,Copenhagen Plant,2021,Summer,1553,2071,212,27,383
190,Unsalted Butter,Aarhus Plant,2021,Summer,1443,1924,197,25,341
191,Unsalted Butter,Odense Plant,2021,Summer,1814,2419,248,31,411
192,Unsalted Butter,Aalborg Plant,2021,Summer,1764,2353,241,31,385
193,Heavy Cream,Copenhagen Plant,2021,Summer,1156,2698,125,21,545
194,Heavy Cream,Aarhus Plant,2021,Summer,1173,2737,127,22,529
195,Heavy Cream,Odense Plant,2021,Summer,1416,3303,153,26,613
196,Heavy Cream,Aalborg Plant,2021,Summer,1492,3482,162,27,622
197,Light Cream,Copenhagen Plant,2021,Summer,1130,2670,123,21,647
198,Light Cream,Aarhus Plant,2021,Summer,1213,2868,132,22,666
199,Light Cream,Odense Plant,2021,Summer,1259,2976,137,23,664
200,Light Cream,Aalborg Plant,2021,Summer,1223,2890,133,22,620
201,Whipping Cream,Copenhagen Plant,2021,Summer,1366,3048,142,24,560
202,Whipping Cream,Aarhus Plant,2021,Summer,1431,3192,149,25,562
203,Whipping Cream,Odense Plant,2021,Summer,1468,3275,152,26,553
204,Whipping Cream,Aalborg Plant,2021,Summer,1413,3152,147,25,512
205,Sour Cream,Copenhagen Plant,2021,Summer,1279,2923,128,23,457
206,Sour Cream,Aarhus Plant,2021,Summer,1343,3069,134,24,460
207,Sour Cream,Odense Plant,2021,Summer,1409,3221,141,25,463
208,Sour Cream,Aalborg Plant,2021,Summer,1474,3370,147,26,466
209,Cottage Cheese,Copenhagen Plant,2021,Summer,1531,3619,144,30,524
210,Cottage Cheese,Aarhus Plant,2021,Summer,1727,4082,162,33,567
211,Cottage Cheese,Odense Plant,2021,Summer,1724,4074,162,33,543
212,Cottage Cheese,Aalborg Plant,2021,Summer,1703,4025,160,33,516
213,Ice Cream,Copenhagen Plant,2021,Summer,2801,5501,310,65,783
214,Ice Cream,Aarhus Plant,2021,Summer,3126,6141,346,73,837
215,Ice Cream,Odense Plant,2021,Summer,3050,5991,338,71,784
216,Ice Cream,Aalborg Plant,2021,Summer,3156,6199,349,73,780
217,Whole Milk,Copenhagen Plant,2021,Autumn,2344,7952,151,21,1092
218,Whole Milk,Aarhus Plant,2021,Autumn,2439,8274,157,22,1089
219,Whole Milk,Odense Plant,2021,Autumn,2638,8951,170,24,1131
220,Whole Milk,Aalborg Plant,2021,Autumn,2726,9247,175,24,1123
221,Skim Milk,Copenhagen Plant,2021,Autumn,2349,8313,149,20,1080
222,Skim Milk,Aarhus Plant,2021,Autumn,2496,8834,158,21,1100
223,Skim Milk,Odense Plant,2021,Autumn,2402,8500,152,20,1016
224,Skim Milk,Aalborg Plant,2021,Autumn,2499,8842,159,21,1017
225,Organic Milk,Copenhagen Plant,2021,Autumn,2958,9708,194,26,904
226,Organic Milk,Aarhus Plant,2021,Autumn,3055,10025,201,27,895
227,Organic Milk,Odense Plant,2021,Autumn,3039,9973,199,27,855
228,Organic Milk,Aalborg Plant,2021,Autumn,2980,9778,196,26,806
229,Cheddar Cheese,Copenhagen Plant,2021,Autumn,1938,3700,247,40,364
230,Cheddar Cheese,Aarhus Plant,2021,Autumn,1972,3765,251,40,355
231,Cheddar Cheese,Odense Plant,2021,Autumn,2252,4298,287,46,389
232,Cheddar Cheese,Aalborg Plant,2021,Autumn,2251,4298,287,46,374
233,Mozzarella Cheese,Copenhagen Plant,2021,Autumn,1919,3654,242,38,417
234,Mozzarella Cheese,Aarhus Plant,2021,Autumn,2000,3809,252,40,417
235,Mozzarella Cheese,Odense Plant,2021,Autumn,1902,3623,240,38,380
236,Mozzarella Cheese,Aalborg Plant,2021,Autumn,2275,4334,287,46,438
237,Blue Cheese,Copenhagen Plant,2021,Autumn,1990,3732,265,46,252
238,Blue Cheese,Aarhus Plant,2021,Autumn,2086,3912,278,48,254
239,Blue Cheese,Odense Plant,2021,Autumn,2476,4643,330,57,289
240,Blue Cheese,Aalborg Plant,2021,Autumn,2504,4696,334,57,281
241,Cream Cheese,Copenhagen Plant,2021,Autumn,1575,3150,199,32,405
242,Cream Cheese,Aarhus Plant,2021,Autumn,1757,3513,222,35,433
243,Cream Cheese,Odense Plant,2021,Autumn,1653,3306,209,33,391
244,Cream Cheese,Aalborg Plant,2021,Autumn,1801,3603,228,36,410
245,Greek Yogurt,Copenhagen Plant,2021,Autumn,1490,5959,124,29,765
246,Greek Yogurt,Aarhus Plant,2021,Autumn,1640,6560,137,32,807
247,Greek Yogurt,Odense Plant,2021,Autumn,1548,6194,129,30,731
248,Greek Yogurt,Aalborg Plant,2021,Autumn,1611,6445,134,31,732
249,Regular Yogurt,Copenhagen Plant,2021,Autumn,1438,6111,121,27,899
250,Regular Yogurt,Aarhus Plant,2021,Autumn,1387,5895,117,26,831
251,Regular Yogurt,Odense Plant,2021,Autumn,1567,6662,132,29,901
252,Regular Yogurt,Aalborg Plant,2021,Autumn,1445,6139,122,27,799
253,Flavored Yogurt,Copenhagen Plant,2021,Autumn,1531,6125,127,29,837
254,Flavored Yogurt,Aarhus Plant,2021,Autumn,1710,6840,142,32,896
255,Flavored Yogurt,Odense Plant,2021,Autumn,1503,6012,125,28,756
256,Flavored Yogurt,Aalborg Plant,2021,Autumn,1883,7533,156,36,911
257,Salted Butter,Copenhagen Plant,2021,Autumn,1287,1744,174,23,289
258,Salted Butter,Aarhus Plant,2021,Autumn,1325,1795,179,24,285
259,Salted Butter,Odense Plant,2021,Autumn,1558,2111,211,28,322
260,Salted Butter,Aalborg Plant,2021,Autumn,1522,2062,206,27,302
261,Unsalted Butter,Copenhagen Plant,2021,Autumn,1237,1649,169,21,305
262,Unsalted Butter,Aarhus Plant,2021,Autumn,1455,1940,199,25,343
263,Unsalted Butter,Odense Plant,2021,Autumn,1288,1718,176,22,292
264,Unsalted Butter,Aalborg Plant,2021,Autumn,1373,1831,188,24,299
265,Heavy Cream,Copenhagen Plant,2021,Autumn,967,2256,105,18,455
266,Heavy Cream,Aarhus Plant,2021,Autumn,996,2324,108,18,450
267,Heavy Cream,Odense Plant,2021,Autumn,1127,2629,122,21,488
268,Heavy Cream,Aalborg Plant,2021,Autumn,1151,2685,125,21,479
269,Light Cream,Copenhagen Plant,2021,Autumn,948,2240,103,17,543
270,Light Cream,Aarhus Plant,2021,Autumn,1048,2478,114,19,576
271,Light Cream,Odense Plant,2021,Autumn,1094,2586,119,20,577
272,Light Cream,Aalborg Plant,2021,Autumn,1003,2371,109,18,509
273,Whipping Cream,Copenhagen Plant,2021,Autumn,1053,2348,109,19,431
274,Whipping Cream,Aarhus Plant,2021,Autumn,1107,2470,115,20,435
275,Whipping Cream,Odense Plant,2021,Autumn,1277,2848,133,23,481
276,Whipping Cream,Aalborg Plant,2021,Autumn,1272,2837,132,23,461
277,Sour Cream,Copenhagen Plant,2021,Autumn,1176,2688,118,21,420
278,Sour Cream,Aarhus Plant,2021,Autumn,1262,2885,126,23,432
279,Sour Cream,Odense Plant,2021,Autumn,1365,3120,137,24,449
280,Sour Cream,Aalborg Plant,2021,Autumn,1385,3167,139,25,438
281,Cottage Cheese,Copenhagen Plant,2021,Autumn,1444,3414,136,28,495
282,Cottage Cheese,Aarhus Plant,2021,Autumn,1368,3234,129,27,449
283,Cottage Cheese,Odense Plant,2021,Autumn,1440,3404,135,28,454
284,Cottage Cheese,Aalborg Plant,2021,Autumn,1682,3976,158,33,510
285,Ice Cream,Copenhagen Plant,2021,Autumn,2319,4555,257,54,648
286,Ice Cream,Aarhus Plant,2021,Autumn,2365,4646,262,55,634
287,Ice Cream,Odense Plant,2021,Autumn,2419,4752,268,56,622
288,Ice Cream,Aalborg Plant,2021,Autumn,2706,5315,300,63,669
289,Whole Milk,Copenhagen Plant,2022,Winter,2601,8826,167,23,1256
290,Whole Milk,Aarhus Plant,2022,Winter,2848,9662,183,25,1317
291,Whole Milk,Odense Plant,2022,Winter,2717,9217,175,24,1207
292,Whole Milk,Aalborg Plant,2022,Winter,2993,10156,192,27,1278
293,Skim Milk,Copenhagen Plant,2022,Winter,2512,8889,159,21,1197
294,Skim Milk,Aarhus Plant,2022,Winter,2561,9061,163,22,1169
295,Skim Milk,Odense Plant,2022,Winter,2744,9709,174,23,1203
296,Skim Milk,Aalborg Plant,2022,Winter,2548,9017,162,22,1074
297,Organic Milk,Copenhagen Plant,2022,Winter,2937,9637,193,26,930
298,Organic Milk,Aarhus Plant,2022,Winter,3042,9980,200,27,923
299,Organic Milk,Odense Plant,2022,Winter,3221,10569,211,28,939
300,Organic Milk,Aalborg Plant,2022,Winter,2943,9658,193,26,825
301,Cheddar Cheese,Copenhagen Plant,2022,Winter,1966,3754,250,40,383
302,Cheddar Cheese,Aarhus Plant,2022,Winter,2145,4094,273,44,400
303,Cheddar Cheese,Odense Plant,2022,Winter,1978,3775,252,40,354
304,Cheddar Cheese,Aalborg Plant,2022,Winter,2134,4075,272,44,367
305,Mozzarella Cheese,Copenhagen Plant,2022,Winter,1742,3319,220,35,393
306,Mozzarella Cheese,Aarhus Plant,2022,Winter,1992,3793,251,40,430
307,Mozzarella Cheese,Odense Plant,2022,Winter,2217,4223,280,44,460
308,Mozzarella Cheese,Aalborg Plant,2022,Winter,2249,4284,284,45,448
309,Blue Cheese,Copenhagen Plant,2022,Winter,2300,4312,307,53,302
310,Blue Cheese,Aarhus Plant,2022,Winter,2137,4007,285,49,269
311,Blue Cheese,Odense Plant,2022,Winter,2478,4646,330,57,300
312,Blue Cheese,Aalborg Plant,2022,Winter,2608,4889,348,60,303
313,Cream Cheese,Copenhagen Plant,2022,Winter,1728,3457,218,35,461
314,Cream Cheese,Aarhus Plant,2022,Winter,1587,3175,201,32,406
315,Cream Cheese,Odense Plant,2022,Winter,1684,3367,213,34,413
316,Cream Cheese,Aalborg Plant,2022,Winter,1884,3768,238,38,445
317,Greek Yogurt,Copenhagen Plant,2022,Winter,1455,5820,121,28,774
318,Greek Yogurt,Aarhus Plant,2022,Winter,1729,6917,144,34,881
319,Greek Yogurt,Odense Plant,2022,Winter,1671,6684,139,32,818
320,Greek Yogurt,Aalborg Plant,2022,Winter,1779,7117,148,35,837
321,Regular Yogurt,Copenhagen Plant,2022,Winter,1378,5856,116,26,892
322,Regular Yogurt,Aarhus Plant,2022,Winter,1364,5799,115,26,847
323,Regular Yogurt,Odense Plant,2022,Winter,1623,6898,137,30,967
324,Regular Yogurt,Aalborg Plant,2022,Winter,1530,6502,129,29,877
325,Flavored Yogurt,Copenhagen Plant,2022,Winter,1659,6636,137,31,940
326,Flavored Yogurt,Aarhus Plant,2022,Winter,1693,6772,140,32,919
327,Flavored Yogurt,Odense Plant,2022,Winter,1679,6717,139,32,875
328,Flavored Yogurt,Aalborg Plant,2022,Winter,1923,7693,159,36,964
329,Salted Butter,Copenhagen Plant,2022,Winter,1345,1822,182,24,313
330,Salted Butter,Aarhus Plant,2022,Winter,1371,1858,186,25,306
331,Salted Butter,Odense Plant,2022,Winter,1619,2193,219,29,346
332,Salted Butter,Aalborg Plant,2022,Winter,1562,2117,212,28,321
333,Unsalted Butter,Copenhagen Plant,2022,Winter,1404,1872,192,24,358
334,Unsalted Butter,Aarhus Plant,2022,Winter,1496,1994,204,26,366
335,Unsalted Butter,Odense Plant,2022,Winter,1510,2014,206,26,355
336,Unsalted Butter,Aalborg Plant,2022,Winter,1656,2207,226,29,374
337,Heavy Cream,Copenhagen Plant,2022,Winter,1047,2442,113,19,511
338,Heavy Cream,Aarhus Plant,2022,Winter,1194,2786,129,22,558
339,Heavy Cream,Odense Plant,2022,Winter,1259,2938,136,23,566
340,Heavy Cream,Aalborg Plant,2022,Winter,1123,2620,122,21,485
341,Light Cream,Copenhagen Plant,2022,Winter,1050,2483,115,19,624
342,Light Cream,Aarhus Plant,2022,Winter,933,2206,102,17,531
343,Light Cream,Odense Plant,2022,Winter,994,2349,108,18,543
344,Light Cream,Aalborg Plant,2022,Winter,1148,2713,125,21,603
345,Whipping Cream,Copenhagen Plant,2022,Winter,1120,2498,116,20,475
346,Whipping Cream,Aarhus Plant,2022,Winter,1162,2592,121,21,473
347,Whipping Cream,Odense Plant,2022,Winter,1262,2816,131,22,493
348,Whipping Cream,Aalborg Plant,2022,Winter,1261,2812,131,22,474
349,Sour Cream,Copenhagen Plant,2022,Winter,1183,2704,118,21,438
350,Sour Cream,Aarhus Plant,2022,Winter,1316,3007,132,23,467
351,Sour Cream,Odense Plant,2022,Winter,1433,3276,143,26,488
352,Sour Cream,Aalborg Plant,2022,Winter,1315,3005,131,23,430
353,Cottage Cheese,Copenhagen Plant,2022,Winter,1595,3770,150,31,566
354,Cottage Cheese,Aarhus Plant,2022,Winter,1411,3336,133,27,480
355,Cottage Cheese,Odense Plant,2022,Winter,1650,3900,155,32,539
356,Cottage Cheese,Aalborg Plant,2022,Winter,1670,3948,157,32,525
357,Ice Cream,Copenhagen Plant,2022,Winter,2482,4876,275,58,719
358,Ice Cream,Aarhus Plant,2022,Winter,2733,5368,303,63,759
359,Ice Cream,Odense Plant,2022,Winter,2778,5457,308,64,740
360,Ice Cream,Aalborg Plant,2022,Winter,2684,5271,297,62,688
361,Whole Milk,Copenhagen Plant,2022,Spring,2469,8377,159,22,1192
362,Whole Milk,Aarhus Plant,2022,Spring,2594,8801,167,23,1200
363,Whole Milk,Odense Plant,2022,Spring,3082,10458,198,28,1369
364,Whole Milk,Aalborg Plant,2022,Spring,3188,10818,205,28,1362
365,Skim Milk,Copenhagen Plant,2022,Spring,2627,9297,167,22,1252
366,Skim Milk,Aarhus Plant,2022,Spring,2535,8970,161,21,1158
367,Skim Milk,Odense Plant,2022,Spring,2854,10100,181,24,1251
368,Skim Milk,Aalborg Plant,2022,Spring,2817,9969,179,24,1188
369,Organic Milk,Copenhagen Plant,2022,Spring,3158,10363,207,28,1001
370,Organic Milk,Aarhus Plant,2022,Spring,3269,10726,215,29,992
371,Organic Milk,Odense Plant,2022,Spring,3270,10730,215,29,953
372,Organic Milk,Aalborg Plant,2022,Spring,3612,11853,237,32,1012
373,Cheddar Cheese,Copenhagen Plant,2022,Spring,2035,3885,259,42,396
374,Cheddar Cheese,Aarhus Plant,2022,Spring,2256,4307,287,46,421
375,Cheddar Cheese,Odense Plant,2022,Spring,2297,4385,292,47,411
376,Cheddar Cheese,Aalborg Plant,2022,Spring,2194,4189,279,45,378
377,Mozzarella Cheese,Copenhagen Plant,2022,Spring,1799,3427,227,36,405
378,Mozzarella Cheese,Aarhus Plant,2022,Spring,2067,3938,261,41,446
379,Mozzarella Cheese,Odense Plant,2022,Spring,2053,3910,259,41,425
380,Mozzarella Cheese,Aalborg Plant,2022,Spring,2103,4005,265,42,419
381,Blue Cheese,Copenhagen Plant,2022,Spring,2068,3877,276,47,272
382,Blue Cheese,Aarhus Plant,2022,Spring,2488,4666,332,57,313
383,Blue Cheese,Odense Plant,2022,Spring,2640,4949,352,60,319
384,Blue Cheese,Aalborg Plant,2022,Spring,2754,5165,367,63,320
385,Cream Cheese,Copenhagen Plant,2022,Spring,1809,3619,229,36,483
386,Cream Cheese,Aarhus Plant,2022,Spring,1865,3729,236,37,477
387,Cream Cheese,Odense Plant,2022,Spring,1929,3859,244,39,474
388,Cream Cheese,Aalborg Plant,2022,Spring,2008,4017,254,40,474
389,Greek Yogurt,Copenhagen Plant,2022,Spring,1827,7308,152,36,972
390,Greek Yogurt,Aarhus Plant,2022,Spring,1614,6455,134,31,823
391,Greek Yogurt,Odense Plant,2022,Spring,1740,6962,145,34,852
392,Greek Yogurt,Aalborg Plant,2022,Spring,2071,8286,173,40,975
393,Regular Yogurt,Copenhagen Plant,2022,Spring,1354,5752,114,25,877
394,Regular Yogurt,Aarhus Plant,2022,Spring,1607,6831,136,30,998
395,Regular Yogurt,Odense Plant,2022,Spring,1643,6985,139,31,979
396,Regular Yogurt,Aalborg Plant,2022,Spring,1663,7066,140,31,953
397,Flavored Yogurt,Copenhagen Plant,2022,Spring,1680,6721,139,32,952
398,Flavored Yogurt,Aarhus Plant,2022,Spring,1536,6145,127,29,834
399,Flavored Yogurt,Odense Plant,2022,Spring,1853,7413,154,35,966
400,Flavored Yogurt,Aalborg Plant,2022,Spring,1894,7577,157,36,949
401,Salted Butter,Copenhagen Plant,2022,Spring,1531,2074,207,28,356
402,Salted Butter,Aarhus Plant,2022,Spring,1610,2181,218,29,359
403,Salted Butter,Odense Plant,2022,Spring,1552,2102,210,28,332
404,Salted Butter,Aalborg Plant,2022,Spring,1603,2172,217,29,330
405,Unsalted Butter,Copenhagen Plant,2022,Spring,1489,1985,203,26,380
406,Unsalted Butter,Aarhus Plant,2022,Spring,1558,2077,213,27,381
407,Unsalted Butter,Odense Plant,2022,Spring,1492,1989,204,26,350
408,Unsalted Butter,Aalborg Plant,2022,Spring,1678,2237,229,29,379
409,Heavy Cream,Copenhagen Plant,2022,Spring,1136,2650,123,21,554
410,Heavy Cream,Aarhus Plant,2022,Spring,1105,2579,120,20,517
411,Heavy Cream,Odense Plant,2022,Spring,1190,2776,129,22,534
412,Heavy Cream,Aalborg Plant,2022,Spring,1210,2824,131,22,523
413,Light Cream,Copenhagen Plant,2022,Spring,1082,2558,118,20,643
414,Light Cream,Aarhus Plant,2022,Spring,999,2361,109,18,569
415,Light Cream,Odense Plant,2022,Spring,1040,2459,113,19,568
416,Light Cream,Aalborg Plant,2022,Spring,1236,2922,135,22,650
417,Whipping Cream,Copenhagen Plant,2022,Spring,1249,2786,130,22,530
418,Whipping Cream,Aarhus Plant,2022,Spring,1261,2814,131,22,513
419,Whipping Cream,Odense Plant,2022,Spring,1186,2646,123,21,463
420,Whipping Cream,Aalborg Plant,2022,Spring,1357,3027,141,24,510
421,Sour Cream,Copenhagen Plant,2022,Spring,1250,2857,125,22,463
422,Sour Cream,Aarhus Plant,2022,Spring,1304,2981,130,23,463
423,Sour Cream,Odense Plant,2022,Spring,1557,3559,156,28,530
424,Sour Cream,Aalborg Plant,2022,Spring,1586,3625,159,28,519
425,Cottage Cheese,Copenhagen Plant,2022,Spring,1427,3372,134,28,506
426,Cottage Cheese,Aarhus Plant,2022,Spring,1553,3671,146,30,528
427,Cottage Cheese,Odense Plant,2022,Spring,1626,3843,153,32,531
428,Cottage Cheese,Aalborg Plant,2022,Spring,1834,4335,172,36,576
429,Ice Cream,Copenhagen Plant,2022,Spring,2483,4876,275,58,719
430,Ice Cream,Aarhus Plant,2022,Spring,2666,5238,295,62,740
431,Ice Cream,Odense Plant,2022,Spring,3030,5952,335,70,807
432,Ice Cream,Aalborg Plant,2022,Spring,3184,6254,352,74,816
433,Whole Milk,Copenhagen Plant,2022,Summer,2605,8840,167,23,1258
434,Whole Milk,Aarhus Plant,2022,Summer,2792,9474,180,25,1292
435,Whole Milk,Odense Plant,2022,Summer,3136,10640,202,28,1393
436,Whole Milk,Aalborg Plant,2022,Summer,3327,11288,214,30,1421
437,Skim Milk,Copenhagen Plant,2022,Summer,2427,8589,154,21,1157
438,Skim Milk,Aarhus Plant,2022,Summer,2911,10299,185,25,1329
439,Skim Milk,Odense Plant,2022,Summer,2596,9188,165,22,1138
440,Skim Milk,Aalborg Plant,2022,Summer,2638,9333,167,22,1112
441,Organic Milk,Copenhagen Plant,2022,Summer,2920,9582,192,26,925
442,Organic Milk,Aarhus Plant,2022,Summer,2936,9634,193,26,891
443,Organic Milk,Odense Plant,2022,Summer,3113,10216,204,27,907
444,Organic Milk,Aalborg Plant,2022,Summer,3199,10496,210,28,896
445,Cheddar Cheese,Copenhagen Plant,2022,Summer,2005,3828,255,41,390
446,Cheddar Cheese,Aarhus Plant,2022,Summer,2267,4329,289,46,423
447,Cheddar Cheese,Odense Plant,2022,Summer,2490,4753,317,51,446
448,Cheddar Cheese,Aalborg Plant,2022,Summer,2444,4666,311,50,421
449,Mozzarella Cheese,Copenhagen Plant,2022,Summer,1913,3644,241,38,431
450,Mozzarella Cheese,Aarhus Plant,2022,Summer,2005,3819,253,40,433
451,Mozzarella Cheese,Odense Plant,2022,Summer,2171,4136,274,43,450
452,Mozzarella Cheese,Aalborg Plant,2022,Summer,2157,4108,272,43,430
453,Blue Cheese,Copenhagen Plant,2022,Summer,2128,3990,284,49,280
454,Blue Cheese,Aarhus Plant,2022,Summer,2628,4927,350,60,331
455,Blue Cheese,Odense Plant,2022,Summer,2419,4535,322,55,292
456,Blue Cheese,Aalborg Plant,2022,Summer,2852,5348,380,65,332
457,Cream Cheese,Copenhagen Plant,2022,Summer,1809,3618,228,36,483
458,Cream Cheese,Aarhus Plant,2022,Summer,1888,3776,239,38,483
459,Cream Cheese,Odense Plant,2022,Summer,2052,4105,259,41,504
460,Cream Cheese,Aalborg Plant,2022,Summer,2139,4279,270,43,505
461,Greek Yogurt,Copenhagen Plant,2022,Summer,1649,6595,137,32,877
462,Greek Yogurt,Aarhus Plant,2022,Summer,1798,7193,150,35,917
463,Greek Yogurt,Odense Plant,2022,Summer,1936,7745,161,38,947
464,Greek Yogurt,Aalborg Plant,2022,Summer,2052,8208,171,40,965
465,Regular Yogurt,Copenhagen Plant,2022,Summer,1669,7094,141,31,1081
466,Regular Yogurt,Aarhus Plant,2022,Summer,1537,6532,130,29,954
467,Regular Yogurt,Odense Plant,2022,Summer,1590,6760,134,30,948
468,Regular Yogurt,Aalborg Plant,2022,Summer,1788,7600,151,34,1025
469,Flavored Yogurt,Copenhagen Plant,2022,Summer,1847,7388,153,35,1046
470,Flavored Yogurt,Aarhus Plant,2022,Summer,1818,7271,151,34,987
471,Flavored Yogurt,Odense Plant,2022,Summer,1827,7306,151,34,952
472,Flavored Yogurt,Aalborg Plant,2022,Summer,1754,7016,145,33,879
473,Salted Butter,Copenhagen Plant,2022,Summer,1479,2004,200,27,344
474,Salted Butter,Aarhus Plant,2022,Summer,1704,2308,231,31,380
475,Salted Butter,Odense Plant,2022,Summer,1548,2097,210,28,331
476,Salted Butter,Aalborg Plant,2022,Summer,1634,2214,221,30,336
477,Unsalted Butter,Copenhagen Plant,2022,Summer,1339,1785,183,23,342
478,Unsalted Butter,Aarhus Plant,2022,Summer,1515,2020,207,26,371
479,Unsalted Butter,Odense Plant,2022,Summer,1579,2106,216,27,371
480,Unsalted Butter,Aalborg Plant,2022,Summer,1705,2274,233,30,385
481,Heavy Cream,Copenhagen Plant,2022,Summer,1288,3004,139,24,628
482,Heavy Cream,Aarhus Plant,2022,Summer,1344,3136,146,25,629
483,Heavy Cream,Odense Plant,2022,Summer,1380,3221,150,25,620
484,Heavy Cream,Aalborg Plant,2022,Summer,1221,2850,132,22,527
485,Light Cream,Copenhagen Plant,2022,Summer,1146,2709,125,21,681
486,Light Cream,Aarhus Plant,2022,Summer,1126,2662,123,20,641
487,Light Cream,Odense Plant,2022,Summer,1099,2598,120,20,601
488,Light Cream,Aalborg Plant,2022,Summer,1328,3138,145,24,698
489,Whipping Cream,Copenhagen Plant,2022,Summer,1229,2742,128,22,522
490,Whipping Cream,Aarhus Plant,2022,Summer,1450,3234,151,26,590
491,Whipping Cream,Odense Plant,2022,Summer,1321,2947,137,23,516
492,Whipping Cream,Aalborg Plant,2022,Summer,1567,3495,163,28,588
493,Sour Cream,Copenhagen Plant,2022,Summer,1272,2907,127,23,471
494,Sour Cream,Aarhus Plant,2022,Summer,1429,3267,143,26,507
495,Sour Cream,Odense Plant,2022,Summer,1454,3322,145,26,495
496,Sour Cream,Aalborg Plant,2022,Summer,1616,3693,162,29,529
497,Cottage Cheese,Copenhagen Plant,2022,Summer,1517,3586,143,29,538
498,Cottage Cheese,Aarhus Plant,2022,Summer,1530,3617,144,30,521
499,Cottage Cheese,Odense Plant,2022,Summer,1910,4514,179,37,624
500,Cottage Cheese,Aalborg Plant,2022,Summer,1880,4444,177,36,590
501,Ice Cream,Copenhagen Plant,2022,Summer,2801,5503,310,65,811
502,Ice Cream,Aarhus Plant,2022,Summer,2599,5105,288,60,721
503,Ice Cream,Odense Plant,2022,Summer,2917,5731,323,68,777
504,Ice Cream,Aalborg Plant,2022,Summer,3287,6456,364,76,842
505,Whole Milk,Copenhagen Plant,2022,Autumn,2322,7879,149,21,1121
506,Whole Milk,Aarhus Plant,2022,Autumn,2236,7588,144,20,1035
507,Whole Milk,Odense Plant,2022,Autumn,2753,9342,177,25,1223
508,Whole Milk,Aalborg Plant,2022,Autumn,2493,8458,160,22,1064
509,Skim Milk,Copenhagen Plant,2022,Autumn,2012,7121,128,17,959
510,Skim Milk,Aarhus Plant,2022,Autumn,2360,8350,150,20,1078
511,Skim Milk,Odense Plant,2022,Autumn,2197,7775,139,19,963
512,Skim Milk,Aalborg Plant,2022,Autumn,2538,8981,161,21,1070
513,Organic Milk,Copenhagen Plant,2022,Autumn,2774,9102,182,24,879
514,Organic Milk,Aarhus Plant,2022,Autumn,2793,9163,183,24,848
515,Organic Milk,Odense Plant,2022,Autumn,3068,10067,201,27,894
516,Organic Milk,Aalborg Plant,2022,Autumn,3010,9878,198,26,844
517,Cheddar Cheese,Copenhagen Plant,2022,Autumn,1773,3385,226,36,345
518,Cheddar Cheese,Aarhus Plant,2022,Autumn,2079,3969,265,43,388
519,Cheddar Cheese,Odense Plant,2022,Autumn,1913,3652,243,39,342
520,Cheddar Cheese,Aalborg Plant,2022,Autumn,2026,3868,258,41,349
521,Mozzarella Cheese,Copenhagen Plant,2022,Autumn,1905,3629,240,38,429
522,Mozzarella Cheese,Aarhus Plant,2022,Autumn,1763,3358,222,35,381
523,Mozzarella Cheese,Odense Plant,2022,Autumn,1946,3706,246,39,403
524,Mozzarella Cheese,Aalborg Plant,2022,Autumn,1851,3526,234,37,369
525,Blue Cheese,Copenhagen Plant,2022,Autumn,2089,3916,278,48,274
526,Blue Cheese,Aarhus Plant,2022,Autumn,1964,3683,262,45,247
527,Blue Cheese,Odense Plant,2022,Autumn,2032,3810,271,47,246
528,Blue Cheese,Aalborg Plant,2022,Autumn,2228,4178,297,51,259
529,Cream Cheese,Copenhagen Plant,2022,Autumn,1574,3147,199,31,420
530,Cream Cheese,Aarhus Plant,2022,Autumn,1587,3174,200,32,406
531,Cream Cheese,Odense Plant,2022,Autumn,1637,3274,207,33,402
532,Cream Cheese,Aalborg Plant,2022,Autumn,1858,3715,235,37,438
533,Greek Yogurt,Copenhagen Plant,2022,Autumn,1408,5632,117,27,749
534,Greek Yogurt,Aarhus Plant,2022,Autumn,1689,6754,141,33,861
535,Greek Yogurt,Odense Plant,2022,Autumn,1742,6968,145,34,852
536,Greek Yogurt,Aalborg Plant,2022,Autumn,1666,6666,139,32,784
537,Regular Yogurt,Copenhagen Plant,2022,Autumn,1277,5427,108,24,827
538,Regular Yogurt,Aarhus Plant,2022,Autumn,1339,5691,113,25,831
539,Regular Yogurt,Odense Plant,2022,Autumn,1577,6704,133,30,940
540,Regular Yogurt,Aalborg Plant,2022,Autumn,1388,5897,117,26,795
541,Flavored Yogurt,Copenhagen Plant,2022,Autumn,1573,6294,130,30,891
542,Flavored Yogurt,Aarhus Plant,2022,Autumn,1685,6739,140,32,914
543,Flavored Yogurt,Odense Plant,2022,Autumn,1661,6643,138,31,865
544,Flavored Yogurt,Aalborg Plant,2022,Autumn,1650,6601,137,31,827
545,Salted Butter,Copenhagen Plant,2022,Autumn,1317,1784,178,24,306
546,Salted Butter,Aarhus Plant,2022,Autumn,1461,1980,198,26,326
547,Salted Butter,Odense Plant,2022,Autumn,1411,1911,191,25,302
548,Salted Butter,Aalborg Plant,2022,Autumn,1523,2064,206,28,313
549,Unsalted Butter,Copenhagen Plant,2022,Autumn,1361,1815,186,24,347
550,Unsalted Butter,Aarhus Plant,2022,Autumn,1251,1668,171,22,306
551,Unsalted Butter,Odense Plant,2022,Autumn,1454,1938,199,25,341
552,Unsalted Butter,Aalborg Plant,2022,Autumn,1471,1961,201,25,332
553,Heavy Cream,Copenhagen Plant,2022,Autumn,983,2294,107,18,480
554,Heavy Cream,Aarhus Plant,2022,Autumn,1087,2536,118,20,508
555,Heavy Cream,Odense Plant,2022,Autumn,1068,2493,116,20,480
556,Heavy Cream,Aalborg Plant,2022,Autumn,1199,2799,130,22,518
557,Light Cream,Copenhagen Plant,2022,Autumn,931,2201,102,17,553
558,Light Cream,Aarhus Plant,2022,Autumn,891,2106,97,16,507
559,Light Cream,Odense Plant,2022,Autumn,964,2279,105,18,527
560,Light Cream,Aalborg Plant,2022,Autumn,1084,2562,118,20,570
561,Whipping Cream,Copenhagen Plant,2022,Autumn,1165,2599,121,21,495
562,Whipping Cream,Aarhus Plant,2022,Autumn,1080,2410,112,19,440
563,Whipping Cream,Odense Plant,2022,Autumn,1198,2672,124,21,468
564,Whipping Cream,Aalborg Plant,2022,Autumn,1120,2498,116,20,421
565,Sour Cream,Copenhagen Plant,2022,Autumn,1180,2696,118,21,437
566,Sour Cream,Aarhus Plant,2022,Autumn,1282,2930,128,23,455
567,Sour Cream,Odense Plant,2022,Autumn,1263,2887,126,23,430
568,Sour Cream,Aalborg Plant,2022,Autumn,1302,2976,130,23,426
569,Cottage Cheese,Copenhagen Plant,2022,Autumn,1529,3614,144,30,543
570,Cottage Cheese,Aarhus Plant,2022,Autumn,1582,3740,149,31,538
571,Cottage Cheese,Odense Plant,2022,Autumn,1386,3277,130,27,453
572,Cottage Cheese,Aalborg Plant,2022,Autumn,1424,3365,134,28,447
573,Ice Cream,Copenhagen Plant,2022,Autumn,2299,4515,254,53,666
574,Ice Cream,Aarhus Plant,2022,Autumn,2679,5262,297,62,744
575,Ice Cream,Odense Plant,2022,Autumn,2576,5059,285,60,686
576,Ice Cream,Aalborg Plant,2022,Autumn,2467,4846,273,57,632
577,Whole Milk,Copenhagen Plant,2023,Winter,2566,8707,165,23,1286
578,Whole Milk,Aarhus Plant,2023,Winter,2522,8558,162,23,1211
579,Whole Milk,Odense Plant,2023,Winter,2379,8072,153,21,1096
580,Whole Milk,Aalborg Plant,2023,Winter,2689,9125,173,24,1192
581,Skim Milk,Copenhagen Plant,2023,Winter,2257,7987,143,19,1116
582,Skim Milk,Aarhus Plant,2023,Winter,2347,8303,149,20,1112
583,Skim Milk,Odense Plant,2023,Winter,2318,8201,147,20,1054
584,Skim Milk,Aalborg Plant,2023,Winter,2393,8466,152,20,1047
585,Organic Milk,Copenhagen Plant,2023,Winter,2534,8314,166,22,833
586,Organic Milk,Aarhus Plant,2023,Winter,2770,9088,182,24,872
587,Organic Milk,Odense Plant,2023,Winter,3220,10567,211,28,974
588,Organic Milk,Aalborg Plant,2023,Winter,2899,9512,190,25,843
589,Cheddar Cheese,Copenhagen Plant,2023,Winter,1919,3664,244,39,387
590,Cheddar Cheese,Aarhus Plant,2023,Winter,1961,3744,250,40,379
591,Cheddar Cheese,Odense Plant,2023,Winter,2050,3913,261,42,381
592,Cheddar Cheese,Aalborg Plant,2023,Winter,2248,4291,286,46,401
593,Mozzarella Cheese,Copenhagen Plant,2023,Winter,1766,3363,223,35,413
594,Mozzarella Cheese,Aarhus Plant,2023,Winter,1707,3251,215,34,382
595,Mozzarella Cheese,Odense Plant,2023,Winter,2048,3901,258,41,440
596,Mozzarella Cheese,Aalborg Plant,2023,Winter,1907,3633,241,38,394
597,Blue Cheese,Copenhagen Plant,2023,Winter,2195,4116,293,50,299
598,Blue Cheese,Aarhus Plant,2023,Winter,2037,3819,272,47,266
599,Blue Cheese,Odense Plant,2023,Winter,2289,4293,305,52,287
600,Blue Cheese,Aalborg Plant,2023,Winter,2186,4100,292,50,264
601,Cream Cheese,Copenhagen Plant,2023,Winter,1516,3033,192,30,420
602,Cream Cheese,Aarhus Plant,2023,Winter,1859,3718,235,37,493
603,Cream Cheese,Odense Plant,2023,Winter,1866,3732,236,37,475
604,Cream Cheese,Aalborg Plant,2023,Winter,1719,3438,217,34,421
605,Greek Yogurt,Copenhagen Plant,2023,Winter,1678,6714,140,33,926
606,Greek Yogurt,Aarhus Plant,2023,Winter,1749,6994,146,34,925
607,Greek Yogurt,Odense Plant,2023,Winter,1575,6302,131,31,800
608,Greek Yogurt,Aalborg Plant,2023,Winter,1831,7323,153,36,894
609,Regular Yogurt,Copenhagen Plant,2023,Winter,1419,6030,120,27,953
610,Regular Yogurt,Aarhus Plant,2023,Winter,1345,5714,113,25,866
611,Regular Yogurt,Odense Plant,2023,Winter,1481,6292,125,28,915
612,Regular Yogurt,Aalborg Plant,2023,Winter,1648,7003,139,31,980
613,Flavored Yogurt,Copenhagen Plant,2023,Winter,1520,6079,126,29,893
614,Flavored Yogurt,Aarhus Plant,2023,Winter,1649,6597,137,31,929
615,Flavored Yogurt,Odense Plant,2023,Winter,1639,6556,136,31,886
616,Flavored Yogurt,Aalborg Plant,2023,Winter,1856,7424,154,35,965
617,Salted Butter,Copenhagen Plant,2023,Winter,1262,1710,171,23,305
618,Salted Butter,Aarhus Plant,2023,Winter,1409,1909,191,25,326
619,Salted Butter,Odense Plant,2023,Winter,1352,1832,183,24,300
620,Salted Butter,Aalborg Plant,2023,Winter,1604,2173,217,29,342
621,Unsalted Butter,Copenhagen Plant,2023,Winter,1408,1878,192,24,373
622,Unsalted Butter,Aarhus Plant,2023,Winter,1297,1730,177,22,329
623,Unsalted Butter,Odense Plant,2023,Winter,1456,1941,199,25,355
624,Unsalted Butter,Aalborg Plant,2023,Winter,1375,1834,188,24,322
625,Heavy Cream,Copenhagen Plant,2023,Winter,980,2286,106,18,496
626,Heavy Cream,Aarhus Plant,2023,Winter,1067,2491,116,20,518
627,Heavy Cream,Odense Plant,2023,Winter,1023,2386,111,19,476
628,Heavy Cream,Aalborg Plant,2023,Winter,1156,2698,125,21,518
629,Light Cream,Copenhagen Plant,2023,Winter,871,2058,95,16,537
630,Light Cream,Aarhus Plant,2023,Winter,908,2146,99,17,536
631,Light Cream,Odense Plant,2023,Winter,970,2292,106,18,550
632,Light Cream,Aalborg Plant,2023,Winter,1109,2622,121,20,605
633,Whipping Cream,Copenhagen Plant,2023,Winter,1193,2661,124,21,525
634,Whipping Cream,Aarhus Plant,2023,Winter,1274,2841,132,23,538
635,Whipping Cream,Odense Plant,2023,Winter,1176,2624,122,21,477
636,Whipping Cream,Aalborg Plant,2023,Winter,1210,2698,126,21,471
637,Sour Cream,Copenhagen Plant,2023,Winter,1197,2737,120,21,460
638,Sour Cream,Aarhus Plant,2023,Winter,1308,2991,131,23,482
639,Sour Cream,Odense Plant,2023,Winter,1353,3093,135,24,478
640,Sour Cream,Aalborg Plant,2023,Winter,1460,3338,146,26,496
641,Cottage Cheese,Copenhagen Plant,2023,Winter,1377,3254,129,27,507
642,Cottage Cheese,Aarhus Plant,2023,Winter,1331,3146,125,26,470
643,Cottage Cheese,Odense Plant,2023,Winter,1589,3756,149,31,538
644,Cottage Cheese,Aalborg Plant,2023,Winter,1509,3566,142,29,492
645,Ice Cream,Copenhagen Plant,2023,Winter,2349,4615,260,55,706
646,Ice Cream,Aarhus Plant,2023,Winter,2282,4482,253,53,657
647,Ice Cream,Odense Plant,2023,Winter,2827,5553,313,66,782
648,Ice Cream,Aalborg Plant,2023,Winter,2569,5046,284,60,683
649,Whole Milk,Copenhagen Plant,2023,Spring,2724,9243,175,24,1365
650,Whole Milk,Aarhus Plant,2023,Spring,2645,8973,170,24,1270
651,Whole Milk,Odense Plant,2023,Spring,2543,8629,163,23,1172
652,Whole Milk,Aalborg Plant,2023,Spring,2815,9551,181,25,1247
653,Skim Milk,Copenhagen Plant,2023,Spring,2449,8666,155,21,1211
654,Skim Milk,Aarhus Plant,2023,Spring,2454,8682,156,21,1163
655,Skim Milk,Odense Plant,2023,Spring,2660,9413,169,23,1210
656,Skim Milk,Aalborg Plant,2023,Spring,2491,8815,158,21,1090
657,Organic Milk,Copenhagen Plant,2023,Spring,3006,9863,197,26,988
658,Organic Milk,Aarhus Plant,2023,Spring,3180,10433,209,28,1002
659,Organic Milk,Odense Plant,2023,Spring,3077,10097,202,27,931
660,Organic Milk,Aalborg Plant,2023,Spring,3493,11460,229,31,1016
661,Cheddar Cheese,Copenhagen Plant,2023,Spring,2145,4095,273,44,433
662,Cheddar Cheese,Aarhus Plant,2023,Spring,2014,3846,256,41,390
663,Cheddar Cheese,Odense Plant,2023,Spring,1936,3696,246,40,360
664,Cheddar Cheese,Aalborg Plant,2023,Spring,2072,3956,264,42,370
665,Mozzarella Cheese,Copenhagen Plant,2023,Spring,1928,3673,243,39,451
666,Mozzarella Cheese,Aarhus Plant,2023,Spring,2127,4051,268,43,476
667,Mozzarella Cheese,Odense Plant,2023,Spring,2084,3970,263,42,448
668,Mozzarella Cheese,Aalborg Plant,2023,Spring,2100,4001,265,42,434
669,Blue Cheese,Copenhagen Plant,2023,Spring,2229,4180,297,51,304
670,Blue Cheese,Aarhus Plant,2023,Spring,2212,4148,295,51,289
671,Blue Cheese,Odense Plant,2023,Spring,2210,4143,295,51,277
672,Blue Cheese,Aalborg Plant,2023,Spring,2288,4290,305,52,276
673,Cream Cheese,Copenhagen Plant,2023,Spring,1588,3176,201,32,440
674,Cream Cheese,Aarhus Plant,2023,Spring,1887,3773,238,38,500
675,Cream Cheese,Odense Plant,2023,Spring,1841,3683,233,37,469
676,Cream Cheese,Aalborg Plant,2023,Spring,1878,3756,237,38,460
677,Greek Yogurt,Copenhagen Plant,2023,Spring,1633,6532,136,32,901
678,Greek Yogurt,Aarhus Plant,2023,Spring,1734,6936,144,34,917
679,Greek Yogurt,Odense Plant,2023,Spring,1833,7333,153,36,931
680,Greek Yogurt,Aalborg Plant,2023,Spring,1653,6614,138,32,807
681,Regular Yogurt,Copenhagen Plant,2023,Spring,1535,6522,129,29,1031
682,Regular Yogurt,Aarhus Plant,2023,Spring,1473,6258,124,28,948
683,Regular Yogurt,Odense Plant,2023,Spring,1443,6131,122,27,892
684,Regular Yogurt,Aalborg Plant,2023,Spring,1595,6779,135,30,948
685,Flavored Yogurt,Copenhagen Plant,2023,Spring,1520,6079,126,29,893
686,Flavored Yogurt,Aarhus Plant,2023,Spring,1804,7215,149,34,1016
687,Flavored Yogurt,Odense Plant,2023,Spring,1743,6972,144,33,942
688,Flavored Yogurt,Aalborg Plant,2023,Spring,1846,7384,153,35,960
689,Salted Butter,Copenhagen Plant,2023,Spring,1493,2023,202,27,360
690,Salted Butter,Aarhus Plant,2023,Spring,1420,1924,192,26,328
691,Salted Butter,Odense Plant,2023,Spring,1580,2141,214,29,351
692,Salted Butter,Aalborg Plant,2023,Spring,1715,2324,232,31,366
693,Unsalted Butter,Copenhagen Plant,2023,Spring,1285,1713,176,22,340
694,Unsalted Butter,Aarhus Plant,2023,Spring,1505,2006,206,26,382
695,Unsalted Butter,Odense Plant,2023,Spring,1544,2059,211,27,376
696,Unsalted Butter,Aalborg Plant,2023,Spring,1584,2112,216,27,371
697,Heavy Cream,Copenhagen Plant,2023,Spring,1076,2512,117,20,545
698,Heavy Cream,Aarhus Plant,2023,Spring,1089,2542,118,20,529
699,Heavy Cream,Odense Plant,2023,Spring,1107,2582,120,20,516
700,Heavy Cream,Aalborg Plant,2023,Spring,1121,2616,121,21,502
701,Light Cream,Copenhagen Plant,2023,Spring,915,2164,100,17,564
702,Light Cream,Aarhus Plant,2023,Spring,1104,2609,120,20,652
703,Light Cream,Odense Plant,2023,Spring,1009,2385,110,18,572
704,Light Cream,Aalborg Plant,2023,Spring,1194,2823,130,22,651
705,Whipping Cream,Copenhagen Plant,2023,Spring,1069,2385,111,19,471
706,Whipping Cream,Aarhus Plant,2023,Spring,1137,2537,118,20,480
707,Whipping Cream,Odense Plant,2023,Spring,1281,2858,133,23,519
708,Whipping Cream,Aalborg Plant,2023,Spring,1227,2737,127,22,478
709,Sour Cream,Copenhagen Plant,2023,Spring,1294,2959,129,23,497
710,Sour Cream,Aarhus Plant,2023,Spring,1388,3173,139,25,511
711,Sour Cream,Odense Plant,2023,Spring,1483,3389,148,26,524
712,Sour Cream,Aalborg Plant,2023,Spring,1405,3212,141,25,477
713,Cottage Cheese,Copenhagen Plant,2023,Spring,1610,3806,151,31,593
714,Cottage Cheese,Aarhus Plant,2023,Spring,1662,3928,156,32,587
715,Cottage Cheese,Odense Plant,2023,Spring,1759,4157,165,34,596
716,Cottage Cheese,Aalborg Plant,2023,Spring,1510,3570,142,29,492
717,Ice Cream,Copenhagen Plant,2023,Spring,2600,5106,288,60,781
718,Ice Cream,Aarhus Plant,2023,Spring,2636,5178,292,61,759
719,Ice Cream,Odense Plant,2023,Spring,2915,5725,323,68,806
720,Ice Cream,Aalborg Plant,2023,Spring,2816,5532,312,65,749
721,Whole Milk,Copenhagen Plant,2023,Summer,2725,9245,175,24,1365
722,Whole Milk,Aarhus Plant,2023,Summer,2478,8407,159,22,1189
723,Whole Milk,Odense Plant,2023,Summer,2953,10020,190,26,1361
724,Whole Milk,Aalborg Plant,2023,Summer,3134,10633,201,28,1389
725,Skim Milk,Copenhagen Plant,2023,Summer,2385,8439,151,20,1179
726,Skim Milk,Aarhus Plant,2023,Summer,2603,9210,165,22,1233
727,Skim Milk,Odense Plant,2023,Summer,2922,10340,185,25,1329
728,Skim Milk,Aalborg Plant,2023,Summer,2997,10605,190,25,1311
729,Organic Milk,Copenhagen Plant,2023,Summer,3073,10083,202,27,1010
730,Organic Milk,Aarhus Plant,2023,Summer,3243,10641,213,28,1022
731,Organic Milk,Odense Plant,2023,Summer,3094,10151,203,27,936
732,Organic Milk,Aalborg Plant,2023,Summer,3137,10295,206,27,912
733,Cheddar Cheese,Copenhagen Plant,2023,Summer,2218,4235,282,45,448
734,Cheddar Cheese,Aarhus Plant,2023,Summer,2120,4047,270,43,410
735,Cheddar Cheese,Odense Plant,2023,Summer,2408,4597,306,49,447
736,Cheddar Cheese,Aalborg Plant,2023,Summer,2570,4906,327,53,459
737,Mozzarella Cheese,Copenhagen Plant,2023,Summer,1908,3635,241,38,446
738,Mozzarella Cheese,Aarhus Plant,2023,Summer,2079,3961,262,42,466
739,Mozzarella Cheese,Odense Plant,2023,Summer,1967,3746,248,39,423
740,Mozzarella Cheese,Aalborg Plant,2023,Summer,2042,3889,258,41,422
741,Blue Cheese,Copenhagen Plant,2023,Summer,2310,4331,308,53,315
742,Blue Cheese,Aarhus Plant,2023,Summer,2334,4376,311,53,305
743,Blue Cheese,Odense Plant,2023,Summer,2288,4290,305,52,287
744,Blue Cheese,Aalborg Plant,2023,Summer,2407,4512,321,55,290
745,Cream Cheese,Copenhagen Plant,2023,Summer,1804,3608,228,36,499
746,Cream Cheese,Aarhus Plant,2023,Summer,1930,3860,244,39,512
747,Cream Cheese,Odense Plant,2023,Summer,1890,3780,239,38,481
748,Cream Cheese,Aalborg Plant,2023,Summer,2091,4183,264,42,512
749,Greek Yogurt,Copenhagen Plant,2023,Summer,1535,6139,128,30,847
750,Greek Yogurt,Aarhus Plant,2023,Summer,1674,6694,139,33,885
751,Greek Yogurt,Odense Plant,2023,Summer,1772,7090,148,34,900
752,Greek Yogurt,Aalborg Plant,2023,Summer,1901,7605,158,37,928
753,Regular Yogurt,Copenhagen Plant,2023,Summer,1595,6779,135,30,1072
754,Regular Yogurt,Aarhus Plant,2023,Summer,1634,6944,138,31,1052
755,Regular Yogurt,Odense Plant,2023,Summer,1554,6607,131,29,961
756,Regular Yogurt,Aalborg Plant,2023,Summer,1653,7027,140,31,983
757,Flavored Yogurt,Copenhagen Plant,2023,Summer,1627,6508,135,31,956
758,Flavored Yogurt,Aarhus Plant,2023,Summer,1824,7297,151,34,1028
759,Flavored Yogurt,Odense Plant,2023,Summer,1914,7657,159,36,1035
760,Flavored Yogurt,Aalborg Plant,2023,Summer,1932,7728,160,36,1004
761,Salted Butter,Copenhagen Plant,2023,Summer,1483,2009,201,27,358
762,Salted Butter,Aarhus Plant,2023,Summer,1395,1891,189,25,323
763,Salted Butter,Odense Plant,2023,Summer,1450,1965,196,26,322
764,Salted Butter,Aalborg Plant,2023,Summer,1672,2265,226,30,357
765,Unsalted Butter,Copenhagen Plant,2023,Summer,1463,1951,200,25,388
766,Unsalted Butter,Aarhus Plant,2023,Summer,1333,1778,182,23,338
767,Unsalted Butter,Odense Plant,2023,Summer,1490,1987,204,26,363
768,Unsalted Butter,Aalborg Plant,2023,Summer,1562,2083,213,27,366
769,Heavy Cream,Copenhagen Plant,2023,Summer,1102,2570,119,20,558
770,Heavy Cream,Aarhus Plant,2023,Summer,1138,2655,123,21,552
771,Heavy Cream,Odense Plant,2023,Summer,1195,2788,129,22,557
772,Heavy Cream,Aalborg Plant,2023,Summer,1323,3087,143,24,593
773,Light Cream,Copenhagen Plant,2023,Summer,1074,2539,117,20,662
774,Light Cream,Aarhus Plant,2023,Summer,1132,2677,124,21,669
775,Light Cream,Odense Plant,2023,Summer,1172,2769,128,21,664
776,Light Cream,Aalborg Plant,2023,Summer,1193,2821,130,22,651
777,Whipping Cream,Copenhagen Plant,2023,Summer,1123,2506,117,20,495
778,Whipping Cream,Aarhus Plant,2023,Summer,1210,2699,126,21,511
779,Whipping Cream,Odense Plant,2023,Summer,1320,2945,137,23,535
780,Whipping Cream,Aalborg Plant,2023,Summer,1502,3351,156,27,585
781,Sour Cream,Copenhagen Plant,2023,Summer,1270,2903,127,23,488
782,Sour Cream,Aarhus Plant,2023,Summer,1503,3435,150,27,553
783,Sour Cream,Odense Plant,2023,Summer,1522,3479,152,27,538
784,Sour Cream,Aalborg Plant,2023,Summer,1556,3556,156,28,528
785,Cottage Cheese,Copenhagen Plant,2023,Summer,1547,3655,145,30,570
786,Cottage Cheese,Aarhus Plant,2023,Summer,1631,3855,153,32,576
787,Cottage Cheese,Odense Plant,2023,Summer,1853,4380,174,36,628
788,Cottage Cheese,Aalborg Plant,2023,Summer,1630,3853,153,32,531
789,Ice Cream,Copenhagen Plant,2023,Summer,2724,5350,302,63,819
790,Ice Cream,Aarhus Plant,2023,Summer,2638,5183,292,61,760
791,Ice Cream,Odense Plant,2023,Summer,2582,5071,286,60,714
792,Ice Cream,Aalborg Plant,2023,Summer,2778,5457,308,64,739
793,Whole Milk,Copenhagen Plant,2023,Autumn,2423,8222,156,22,1214
794,Whole Milk,Aarhus Plant,2023,Autumn,2471,8385,159,22,1186
795,Whole Milk,Odense Plant,2023,Autumn,2671,9062,172,24,1231
796,Whole Milk,Aalborg Plant,2023,Autumn,2649,8987,170,24,1174
797,Skim Milk,Copenhagen Plant,2023,Autumn,2287,8092,145,19,1131
798,Skim Milk,Aarhus Plant,2023,Autumn,2163,7654,137,18,1025
799,Skim Milk,Odense Plant,2023,Autumn,2276,8055,144,19,1036
800,Skim Milk,Aalborg Plant,2023,Autumn,2471,8744,157,21,1081
801,Organic Milk,Copenhagen Plant,2023,Autumn,2668,8755,175,23,877
802,Organic Milk,Aarhus Plant,2023,Autumn,2619,8595,172,23,825
803,Organic Milk,Odense Plant,2023,Autumn,2732,8965,179,24,826
804,Organic Milk,Aalborg Plant,2023,Autumn,2869,9413,188,25,834
805,Cheddar Cheese,Copenhagen Plant,2023,Autumn,1619,3092,206,33,327
806,Cheddar Cheese,Aarhus Plant,2023,Autumn,1715,3275,218,35,332
807,Cheddar Cheese,Odense Plant,2023,Autumn,1751,3342,223,36,325
808,Cheddar Cheese,Aalborg Plant,2023,Autumn,2091,3992,266,43,373
809,Mozzarella Cheese,Copenhagen Plant,2023,Autumn,1717,3270,217,34,401
810,Mozzarella Cheese,Aarhus Plant,2023,Autumn,1768,3367,223,35,396
811,Mozzarella Cheese,Odense Plant,2023,Autumn,1789,3409,226,36,385
812,Mozzarella Cheese,Aalborg Plant,2023,Autumn,1926,3668,243,39,398
813,Blue Cheese,Copenhagen Plant,2023,Autumn,1825,3421,243,42,249
814,Blue Cheese,Aarhus Plant,2023,Autumn,1970,3695,263,45,257
815,Blue Cheese,Odense Plant,2023,Autumn,2302,4316,307,53,289
816,Blue Cheese,Aalborg Plant,2023,Autumn,2340,4388,312,54,282
817,Cream Cheese,Copenhagen Plant,2023,Autumn,1414,2828,179,28,391
818,Cream Cheese,Aarhus Plant,2023,Autumn,1758,3516,222,35,466
819,Cream Cheese,Odense Plant,2023,Autumn,1678,3356,212,34,427
820,Cream Cheese,Aalborg Plant,2023,Autumn,1823,3646,230,36,446
821,Greek Yogurt,Copenhagen Plant,2023,Autumn,1388,5551,116,27,766
822,Greek Yogurt,Aarhus Plant,2023,Autumn,1623,6492,135,32,858
823,Greek Yogurt,Odense Plant,2023,Autumn,1524,6094,127,30,774
824,Greek Yogurt,Aalborg Plant,2023,Autumn,1759,7034,147,34,859
825,Regular Yogurt,Copenhagen Plant,2023,Autumn,1380,5866,116,26,928
826,Regular Yogurt,Aarhus Plant,2023,Autumn,1353,5750,114,25,871
827,Regular Yogurt,Odense Plant,2023,Autumn,1472,6256,124,28,910
828,Regular Yogurt,Aalborg Plant,2023,Autumn,1385,5885,117,26,823
829,Flavored Yogurt,Copenhagen Plant,2023,Autumn,1490,5961,123,28,876
830,Flavored Yogurt,Aarhus Plant,2023,Autumn,1389,5555,115,26,782
831,Flavored Yogurt,Odense Plant,2023,Autumn,1499,5998,124,28,811
832,Flavored Yogurt,Aalborg Plant,2023,Autumn,1595,6381,132,30,829
833,Salted Butter,Copenhagen Plant,2023,Autumn,1266,1715,171,23,305
834,Salted Butter,Aarhus Plant,2023,Autumn,1251,1694,169,23,289
835,Salted Butter,Odense Plant,2023,Autumn,1430,1937,194,26,317
836,Salted Butter,Aalborg Plant,2023,Autumn,1295,1755,175,23,276
837,Unsalted Butter,Copenhagen Plant,2023,Autumn,1202,1602,164,21,318
838,Unsalted Butter,Aarhus Plant,2023,Autumn,1254,1672,171,22,318
839,Unsalted Butter,Odense Plant,2023,Autumn,1215,1619,166,21,296
840,Unsalted Butter,Aalborg Plant,2023,Autumn,1271,1695,174,22,298
841,Heavy Cream,Copenhagen Plant,2023,Autumn,920,2147,100,17,466
842,Heavy Cream,Aarhus Plant,2023,Autumn,918,2143,99,17,446
843,Heavy Cream,Odense Plant,2023,Autumn,986,2300,107,18,459
844,Heavy Cream,Aalborg Plant,2023,Autumn,1087,2537,118,20,487
845,Light Cream,Copenhagen Plant,2023,Autumn,816,1929,89,15,503
846,Light Cream,Aarhus Plant,2023,Autumn,972,2298,106,18,574
847,Light Cream,Odense Plant,2023,Autumn,1067,2521,116,19,605
848,Light Cream,Aalborg Plant,2023,Autumn,1074,2539,117,20,586
849,Whipping Cream,Copenhagen Plant,2023,Autumn,1054,2352,109,19,464
850,Whipping Cream,Aarhus Plant,2023,Autumn,1097,2446,114,19,463
851,Whipping Cream,Odense Plant,2023,Autumn,1170,2609,121,21,474
852,Whipping Cream,Aalborg Plant,2023,Autumn,1157,2582,120,20,451
853,Sour Cream,Copenhagen Plant,2023,Autumn,1117,2552,112,20,429
854,Sour Cream,Aarhus Plant,2023,Autumn,1280,2927,128,23,471
855,Sour Cream,Odense Plant,2023,Autumn,1194,2730,119,21,422
856,Sour Cream,Aalborg Plant,2023,Autumn,1306,2985,131,23,444
857,Cottage Cheese,Copenhagen Plant,2023,Autumn,1424,3366,134,28,525
858,Cottage Cheese,Aarhus Plant,2023,Autumn,1313,3104,123,25,464
859,Cottage Cheese,Odense Plant,2023,Autumn,1519,3590,143,29,515
860,Cottage Cheese,Aalborg Plant,2023,Autumn,1450,3428,136,28,473
861,Ice Cream,Copenhagen Plant,2023,Autumn,2194,4310,243,51,660
862,Ice Cream,Aarhus Plant,2023,Autumn,2375,4665,263,55,684
863,Ice Cream,Odense Plant,2023,Autumn,2439,4791,270,57,674
864,Ice Cream,Aalborg Plant,2023,Autumn,2554,5017,283,59,679
865,Whole Milk,Copenhagen Plant,2024,Winter,2460,8348,158,22,1281
866,Whole Milk,Aarhus Plant,2024,Winter,2638,8949,170,24,1316
867,Whole Milk,Odense Plant,2024,Winter,2719,9225,175,24,1302
868,Whole Milk,Aalborg Plant,2024,Winter,2390,8110,154,21,1101
869,Skim Milk,Copenhagen Plant,2024,Winter,1976,6990,125,17,1015
870,Skim Milk,Aarhus Plant,2024,Winter,2414,8543,153,20,1189
871,Skim Milk,Odense Plant,2024,Winter,2290,8103,145,19,1082
872,Skim Milk,Aalborg Plant,2024,Winter,2184,7728,139,18,993
873,Organic Milk,Copenhagen Plant,2024,Winter,2388,7836,157,21,816
874,Organic Milk,Aarhus Plant,2024,Winter,2667,8752,175,23,873
875,Organic Milk,Odense Plant,2024,Winter,2667,8752,175,23,838
876,Organic Milk,Aalborg Plant,2024,Winter,3221,10569,211,28,973
877,Cheddar Cheese,Copenhagen Plant,2024,Winter,1876,3582,239,38,394
878,Cheddar Cheese,Aarhus Plant,2024,Winter,2057,3927,262,42,414
879,Cheddar Cheese,Odense Plant,2024,Winter,1806,3447,230,37,348
880,Cheddar Cheese,Aalborg Plant,2024,Winter,2227,4251,283,46,413
881,Mozzarella Cheese,Copenhagen Plant,2024,Winter,1812,3452,229,36,440
882,Mozzarella Cheese,Aarhus Plant,2024,Winter,1735,3306,219,35,404
883,Mozzarella Cheese,Odense Plant,2024,Winter,1876,3574,237,38,419
884,Mozzarella Cheese,Aalborg Plant,2024,Winter,1796,3421,227,36,386
885,Blue Cheese,Copenhagen Plant,2024,Winter,1835,3441,245,42,260
886,Blue Cheese,Aarhus Plant,2024,Winter,2123,3981,283,49,288
887,Blue Cheese,Odense Plant,2024,Winter,2344,4395,313,54,306
888,Blue Cheese,Aalborg Plant,2024,Winter,2254,4226,300,52,282
889,Cream Cheese,Copenhagen Plant,2024,Winter,1594,3188,201,32,459
890,Cream Cheese,Aarhus Plant,2024,Winter,1756,3512,222,35,484
891,Cream Cheese,Odense Plant,2024,Winter,1554,3107,196,31,411
892,Cream Cheese,Aalborg Plant,2024,Winter,1726,3452,218,35,439
893,Greek Yogurt,Copenhagen Plant,2024,Winter,1557,6229,130,30,893
894,Greek Yogurt,Aarhus Plant,2024,Winter,1437,5748,120,28,790
895,Greek Yogurt,Odense Plant,2024,Winter,1604,6417,134,31,846
896,Greek Yogurt,Aalborg Plant,2024,Winter,1519,6074,127,30,770
897,Regular Yogurt,Copenhagen Plant,2024,Winter,1412,6000,119,26,986
898,Regular Yogurt,Aarhus Plant,2024,Winter,1263,5368,107,24,845
899,Regular Yogurt,Odense Plant,2024,Winter,1436,6105,121,27,923
900,Regular Yogurt,Aalborg Plant,2024,Winter,1378,5855,116,26,851
901,Flavored Yogurt,Copenhagen Plant,2024,Winter,1431,5726,119,27,874
902,Flavored Yogurt,Aarhus Plant,2024,Winter,1431,5724,119,27,837
903,Flavored Yogurt,Odense Plant,2024,Winter,1524,6095,126,29,856
904,Flavored Yogurt,Aalborg Plant,2024,Winter,1763,7050,146,33,952
905,Salted Butter,Copenhagen Plant,2024,Winter,1306,1770,177,24,328
906,Salted Butter,Aarhus Plant,2024,Winter,1236,1674,167,22,297
907,Salted Butter,Odense Plant,2024,Winter,1451,1966,197,26,335
908,Salted Butter,Aalborg Plant,2024,Winter,1323,1793,179,24,294
909,Unsalted Butter,Copenhagen Plant,2024,Winter,1215,1620,166,21,334
910,Unsalted Butter,Aarhus Plant,2024,Winter,1339,1786,183,23,353
911,Unsalted Butter,Odense Plant,2024,Winter,1427,1902,195,25,361
912,Unsalted Butter,Aalborg Plant,2024,Winter,1498,1997,205,26,365
913,Heavy Cream,Copenhagen Plant,2024,Winter,952,2222,103,17,501
914,Heavy Cream,Aarhus Plant,2024,Winter,1110,2590,120,20,560
915,Heavy Cream,Odense Plant,2024,Winter,1072,2500,116,20,519
916,Heavy Cream,Aalborg Plant,2024,Winter,1115,2602,121,20,519
917,Light Cream,Copenhagen Plant,2024,Winter,847,2002,92,15,542
918,Light Cream,Aarhus Plant,2024,Winter,935,2211,102,17,574
919,Light Cream,Odense Plant,2024,Winter,971,2296,106,18,572
920,Light Cream,Aalborg Plant,2024,Winter,934,2208,102,17,529
921,Whipping Cream,Copenhagen Plant,2024,Winter,1009,2250,105,18,462
922,Whipping Cream,Aarhus Plant,2024,Winter,1017,2269,106,18,446
923,Whipping Cream,Odense Plant,2024,Winter,1098,2450,114,19,463
924,Whipping Cream,Aalborg Plant,2024,Winter,1183,2638,123,21,479
925,Sour Cream,Copenhagen Plant,2024,Winter,1122,2565,112,20,448
926,Sour Cream,Aarhus Plant,2024,Winter,1264,2888,126,23,483
927,Sour Cream,Odense Plant,2024,Winter,1339,3061,134,24,492
928,Sour Cream,Aalborg Plant,2024,Winter,1396,3191,140,25,493
929,Cottage Cheese,Copenhagen Plant,2024,Winter,1237,2924,116,24,474
930,Cottage Cheese,Aarhus Plant,2024,Winter,1468,3469,138,28,538
931,Cottage Cheese,Odense Plant,2024,Winter,1541,3643,145,30,543
932,Cottage Cheese,Aalborg Plant,2024,Winter,1395,3298,131,27,472
933,Ice Cream,Copenhagen Plant,2024,Winter,2285,4489,253,53,714
934,Ice Cream,Aarhus Plant,2024,Winter,2297,4512,254,53,687
935,Ice Cream,Odense Plant,2024,Winter,2528,4967,280,59,726
936,Ice Cream,Aalborg Plant,2024,Winter,2738,5379,303,64,756
937,Whole Milk,Copenhagen Plant,2024,Spring,2260,7668,145,20,1176
938,Whole Milk,Aarhus Plant,2024,Spring,2284,7750,147,20,1139
939,Whole Milk,Odense Plant,2024,Spring,2686,9112,173,24,1286
940,Whole Milk,Aalborg Plant,2024,Spring,2533,8594,163,23,1166
941,Skim Milk,Copenhagen Plant,2024,Spring,2255,7978,143,19,1159
942,Skim Milk,Aarhus Plant,2024,Spring,2177,7702,138,18,1072
943,Skim Milk,Odense Plant,2024,Spring,2259,7992,143,19,1068
944,Skim Milk,Aalborg Plant,2024,Spring,2564,9074,163,22,1166
945,Organic Milk,Copenhagen Plant,2024,Spring,2778,9116,182,24,949
946,Organic Milk,Aarhus Plant,2024,Spring,2807,9211,184,25,919
947,Organic Milk,Odense Plant,2024,Spring,3139,10301,206,27,987
948,Organic Milk,Aalborg Plant,2024,Spring,3181,10438,209,28,961
949,Cheddar Cheese,Copenhagen Plant,2024,Spring,1835,3503,234,38,385
950,Cheddar Cheese,Aarhus Plant,2024,Spring,1928,3680,245,39,388
951,Cheddar Cheese,Odense Plant,2024,Spring,1943,3709,247,40,375
952,Cheddar Cheese,Aalborg Plant,2024,Spring,2300,4390,293,47,427
953,Mozzarella Cheese,Copenhagen Plant,2024,Spring,1902,3623,240,38,462
954,Mozzarella Cheese,Aarhus Plant,2024,Spring,1876,3574,237,38,437
955,Mozzarella Cheese,Odense Plant,2024,Spring,2031,3868,256,41,454
956,Mozzarella Cheese,Aalborg Plant,2024,Spring,2034,3875,257,41,437
957,Blue Cheese,Copenhagen Plant,2024,Spring,2153,4037,287,49,305
958,Blue Cheese,Aarhus Plant,2024,Spring,2104,3946,281,48,286
959,Blue Cheese,Odense Plant,2024,Spring,2128,3990,284,49,277
960,Blue Cheese,Aalborg Plant,2024,Spring,2391,4482,319,55,300
961,Cream Cheese,Copenhagen Plant,2024,Spring,1556,3111,197,31,447
962,Cream Cheese,Aarhus Plant,2024,Spring,1675,3349,212,33,462
963,Cream Cheese,Odense Plant,2024,Spring,1917,3834,242,38,507
964,Cream Cheese,Aalborg Plant,2024,Spring,1970,3941,249,39,501
965,Greek Yogurt,Copenhagen Plant,2024,Spring,1687,6748,141,33,967
966,Greek Yogurt,Aarhus Plant,2024,Spring,1559,6237,130,30,857
967,Greek Yogurt,Odense Plant,2024,Spring,1846,7383,154,36,974
968,Greek Yogurt,Aalborg Plant,2024,Spring,1657,6627,138,32,841
969,Regular Yogurt,Copenhagen Plant,2024,Spring,1274,5416,108,24,890
970,Regular Yogurt,Aarhus Plant,2024,Spring,1408,5984,119,26,942
971,Regular Yogurt,Odense Plant,2024,Spring,1557,6617,131,29,1000
972,Regular Yogurt,Aalborg Plant,2024,Spring,1463,6217,123,27,904
973,Flavored Yogurt,Copenhagen Plant,2024,Spring,1504,6017,125,28,919
974,Flavored Yogurt,Aarhus Plant,2024,Spring,1496,5983,124,28,875
975,Flavored Yogurt,Odense Plant,2024,Spring,1518,6071,126,29,853
976,Flavored Yogurt,Aalborg Plant,2024,Spring,1551,6204,129,29,838
977,Salted Butter,Copenhagen Plant,2024,Spring,1275,1727,173,23,320
978,Salted Butter,Aarhus Plant,2024,Spring,1338,1813,181,24,322
979,Salted Butter,Odense Plant,2024,Spring,1574,2133,213,28,363
980,Salted Butter,Aalborg Plant,2024,Spring,1559,2113,211,28,346
981,Unsalted Butter,Copenhagen Plant,2024,Spring,1247,1663,170,22,343
982,Unsalted Butter,Aarhus Plant,2024,Spring,1429,1905,195,25,377
983,Unsalted Butter,Odense Plant,2024,Spring,1304,1738,178,23,330
984,Unsalted Butter,Aalborg Plant,2024,Spring,1349,1799,184,23,329
985,Heavy Cream,Copenhagen Plant,2024,Spring,948,2213,103,17,499
986,Heavy Cream,Aarhus Plant,2024,Spring,1118,2609,121,20,564
987,Heavy Cream,Odense Plant,2024,Spring,1132,2640,123,21,548
988,Heavy Cream,Aalborg Plant,2024,Spring,1225,2858,133,22,570
989,Light Cream,Copenhagen Plant,2024,Spring,1033,2442,113,19,662
990,Light Cream,Aarhus Plant,2024,Spring,921,2176,100,17,565
991,Light Cream,Odense Plant,2024,Spring,1061,2509,116,19,625
992,Light Cream,Aalborg Plant,2024,Spring,1119,2646,122,20,634
993,Whipping Cream,Copenhagen Plant,2024,Spring,1205,2689,125,21,552
994,Whipping Cream,Aarhus Plant,2024,Spring,1166,2602,121,21,512
995,Whipping Cream,Odense Plant,2024,Spring,1250,2789,130,22,527
996,Whipping Cream,Aalborg Plant,2024,Spring,1223,2728,127,22,495
997,Sour Cream,Copenhagen Plant,2024,Spring,1181,2699,118,21,471
998,Sour Cream,Aarhus Plant,2024,Spring,1222,2793,122,22,467
999,Sour Cream,Odense Plant,2024,Spring,1347,3079,135,24,494
1000,Sour Cream,Aalborg Plant,2024,Spring,1405,3211,140,25,496
1001,Cottage Cheese,Copenhagen Plant,2024,Spring,1400,3309,132,27,536
1002,Cottage Cheese,Aarhus Plant,2024,Spring,1586,3748,149,31,582
1003,Cottage Cheese,Odense Plant,2024,Spring,1572,3715,148,30,554
1004,Cottage Cheese,Aalborg Plant,2024,Spring,1701,4021,160,33,576
1005,Ice Cream,Copenhagen Plant,2024,Spring,2603,5112,288,60,813
1006,Ice Cream,Aarhus Plant,2024,Spring,2387,4689,264,55,714
1007,Ice Cream,Odense Plant,2024,Spring,2389,4692,264,55,686
1008,Ice Cream,Aalborg Plant,2024,Spring,2706,5315,300,63,747
1009,Whole Milk,Copenhagen Plant,2024,Summer,2383,8087,153,21,1241
1010,Whole Milk,Aarhus Plant,2024,Summer,2844,9648,183,25,1418
1011,Whole Milk,Odense Plant,2024,Summer,2953,10021,190,26,1414
1012,Whole Milk,Aalborg Plant,2024,Summer,2717,9219,175,24,1251
1013,Skim Milk,Copenhagen Plant,2024,Summer,2253,7971,143,19,1157
1014,Skim Milk,Aarhus Plant,2024,Summer,2512,8889,159,21,1237
1015,Skim Milk,Odense Plant,2024,Summer,2309,8172,147,20,1092
1016,Skim Milk,Aalborg Plant,2024,Summer,2693,9530,171,23,1224
1017,Organic Milk,Copenhagen Plant,2024,Summer,2919,9577,192,26,997
1018,Organic Milk,Aarhus Plant,2024,Summer,2769,9087,182,24,907
1019,Organic Milk,Odense Plant,2024,Summer,3113,10213,204,27,978
1020,Organic Milk,Aalborg Plant,2024,Summer,3443,11299,226,30,1040
1021,Cheddar Cheese,Copenhagen Plant,2024,Summer,2115,4038,269,43,444
1022,Cheddar Cheese,Aarhus Plant,2024,Summer,1960,3743,250,40,394
1023,Cheddar Cheese,Odense Plant,2024,Summer,2113,4034,269,43,408
1024,Cheddar Cheese,Aalborg Plant,2024,Summer,2439,4657,310,50,453
1025,Mozzarella Cheese,Copenhagen Plant,2024,Summer,1745,3324,220,35,424
1026,Mozzarella Cheese,Aarhus Plant,2024,Summer,2027,3861,256,41,472
1027,Mozzarella Cheese,Odense Plant,2024,Summer,2181,4155,275,44,487
1028,Mozzarella Cheese,Aalborg Plant,2024,Summer,2364,4502,298,47,508
1029,Blue Cheese,Copenhagen Plant,2024,Summer,2031,3808,271,47,288
1030,Blue Cheese,Aarhus Plant,2024,Summer,2471,4633,329,57,335
1031,Blue Cheese,Odense Plant,2024,Summer,2191,4107,292,50,286
1032,Blue Cheese,Aalborg Plant,2024,Summer,2409,4517,321,55,302
1033,Cream Cheese,Copenhagen Plant,2024,Summer,1795,3590,227,36,516
1034,Cream Cheese,Aarhus Plant,2024,Summer,1652,3303,209,33,455
1035,Cream Cheese,Odense Plant,2024,Summer,1743,3486,220,35,461
1036,Cream Cheese,Aalborg Plant,2024,Summer,1972,3945,249,39,502
1037,Greek Yogurt,Copenhagen Plant,2024,Summer,1734,6935,144,34,994
1038,Greek Yogurt,Aarhus Plant,2024,Summer,1580,6321,132,31,869
1039,Greek Yogurt,Odense Plant,2024,Summer,1668,6673,139,32,880
1040,Greek Yogurt,Aalborg Plant,2024,Summer,1772,7087,148,34,899
1041,Regular Yogurt,Copenhagen Plant,2024,Summer,1571,6678,133,29,1097
1042,Regular Yogurt,Aarhus Plant,2024,Summer,1388,5900,117,26,929
1043,Regular Yogurt,Odense Plant,2024,Summer,1608,6832,136,30,1033
1044,Regular Yogurt,Aalborg Plant,2024,Summer,1540,6543,130,29,951
1045,Flavored Yogurt,Copenhagen Plant,2024,Summer,1504,6015,125,28,918
1046,Flavored Yogurt,Aarhus Plant,2024,Summer,1769,7077,147,33,1036
1047,Flavored Yogurt,Odense Plant,2024,Summer,1553,6211,129,29,872
1048,Flavored Yogurt,Aalborg Plant,2024,Summer,1777,7109,147,34,960
1049,Salted Butter,Copenhagen Plant,2024,Summer,1543,2090,209,28,387
1050,Salted Butter,Aarhus Plant,2024,Summer,1325,1795,179,24,318
1051,Salted Butter,Odense Plant,2024,Summer,1549,2099,210,28,357
1052,Salted Butter,Aalborg Plant,2024,Summer,1538,2084,208,28,341
1053,Unsalted Butter,Copenhagen Plant,2024,Summer,1289,1719,176,22,355
1054,Unsalted Butter,Aarhus Plant,2024,Summer,1459,1946,199,25,385
1055,Unsalted Butter,Odense Plant,2024,Summer,1426,1901,195,25,361
1056,Unsalted Butter,Aalborg Plant,2024,Summer,1665,2220,228,29,405
1057,Heavy Cream,Copenhagen Plant,2024,Summer,999,2330,108,18,526
1058,Heavy Cream,Aarhus Plant,2024,Summer,1024,2390,111,19,517
1059,Heavy Cream,Odense Plant,2024,Summer,1225,2859,133,22,593
1060,Heavy Cream,Aalborg Plant,2024,Summer,1111,2593,120,20,517
1061,Light Cream,Copenhagen Plant,2024,Summer,920,2176,100,17,589
1062,Light Cream,Aarhus Plant,2024,Summer,1056,2495,115,19,648
1063,Light Cream,Odense Plant,2024,Summer,1185,2800,129,22,698
1064,Light Cream,Aalborg Plant,2024,Summer,1031,2437,112,19,584
1065,Whipping Cream,Copenhagen Plant,2024,Summer,1154,2575,120,20,528
1066,Whipping Cream,Aarhus Plant,2024,Summer,1333,2975,138,24,585
1067,Whipping Cream,Odense Plant,2024,Summer,1280,2856,133,23,539
1068,Whipping Cream,Aalborg Plant,2024,Summer,1252,2792,130,22,507
1069,Sour Cream,Copenhagen Plant,2024,Summer,1307,2988,131,23,522
1070,Sour Cream,Aarhus Plant,2024,Summer,1395,3189,140,25,534
1071,Sour Cream,Odense Plant,2024,Summer,1341,3064,134,24,492
1072,Sour Cream,Aalborg Plant,2024,Summer,1419,3244,142,25,501
1073,Cottage Cheese,Copenhagen Plant,2024,Summer,1600,3781,150,31,612
1074,Cottage Cheese,Aarhus Plant,2024,Summer,1586,3749,149,31,582
1075,Cottage Cheese,Odense Plant,2024,Summer,1662,3927,156,32,585
1076,Cottage Cheese,Aalborg Plant,2024,Summer,1720,4067,162,33,583
1077,Ice Cream,Copenhagen Plant,2024,Summer,2477,4865,274,58,774
1078,Ice Cream,Aarhus Plant,2024,Summer,2681,5266,297,62,802
1079,Ice Cream,Odense Plant,2024,Summer,2895,5687,321,67,832
1080,Ice Cream,Aalborg Plant,2024,Summer,2746,5394,304,64,759
1081,Whole Milk,Copenhagen Plant,2024,Autumn,2291,7773,147,20,1192
1082,Whole Milk,Aarhus Plant,2024,Autumn,2243,7612,144,20,1119
1083,Whole Milk,Odense Plant,2024,Autumn,2551,8655,164,23,1222
1084,Whole Milk,Aalborg Plant,2024,Autumn,2655,9009,171,24,1223
1085,Skim Milk,Copenhagen Plant,2024,Autumn,2108,7461,134,18,1083
1086,Skim Milk,Aarhus Plant,2024,Autumn,2328,8237,148,20,1146
1087,Skim Milk,Odense Plant,2024,Autumn,2126,7523,135,18,1005
1088,Skim Milk,Aalborg Plant,2024,Autumn,2088,7388,133,18,949
1089,Organic Milk,Copenhagen Plant,2024,Autumn,2641,8666,173,23,902
1090,Organic Milk,Aarhus Plant,2024,Autumn,2736,8976,180,24,895
1091,Organic Milk,Odense Plant,2024,Autumn,2919,9579,192,26,917
1092,Organic Milk,Aalborg Plant,2024,Autumn,2778,9115,182,24,839
1093,Cheddar Cheese,Copenhagen Plant,2024,Autumn,1706,3257,217,35,358
1094,Cheddar Cheese,Aarhus Plant,2024,Autumn,1800,3437,229,37,362
1095,Cheddar Cheese,Odense Plant,2024,Autumn,1725,3294,220,35,333
1096,Cheddar Cheese,Aalborg Plant,2024,Autumn,1759,3358,224,36,326
1097,Mozzarella Cheese,Copenhagen Plant,2024,Autumn,1491,2841,188,30,362
1098,Mozzarella Cheese,Aarhus Plant,2024,Autumn,1774,3380,224,35,413
1099,Mozzarella Cheese,Odense Plant,2024,Autumn,1625,3096,205,33,363
1100,Mozzarella Cheese,Aalborg Plant,2024,Autumn,1931,3678,244,39,415
1101,Blue Cheese,Copenhagen Plant,2024,Autumn,1737,3256,232,40,246
1102,Blue Cheese,Aarhus Plant,2024,Autumn,2105,3947,281,48,286
1103,Blue Cheese,Odense Plant,2024,Autumn,2126,3987,283,49,277
1104,Blue Cheese,Aalborg Plant,2024,Autumn,2312,4336,308,53,290
1105,Cream Cheese,Copenhagen Plant,2024,Autumn,1528,3055,193,31,439
1106,Cream Cheese,Aarhus Plant,2024,Autumn,1661,3322,210,33,458
1107,Cream Cheese,Odense Plant,2024,Autumn,1758,3516,222,35,465
1108,Cream Cheese,Aalborg Plant,2024,Autumn,1606,3213,203,32,409
1109,Greek Yogurt,Copenhagen Plant,2024,Autumn,1292,5167,108,25,741
1110,Greek Yogurt,Aarhus Plant,2024,Autumn,1449,5798,121,28,797
1111,Greek Yogurt,Odense Plant,2024,Autumn,1653,6611,138,32,872
1112,Greek Yogurt,Aalborg Plant,2024,Autumn,1515,6061,126,29,769
1113,Regular Yogurt,Copenhagen Plant,2024,Autumn,1210,5141,102,23,845
1114,Regular Yogurt,Aarhus Plant,2024,Autumn,1274,5413,107,24,852
1115,Regular Yogurt,Odense Plant,2024,Autumn,1403,5964,118,26,901
1116,Regular Yogurt,Aalborg Plant,2024,Autumn,1328,5643,112,25,820
1117,Flavored Yogurt,Copenhagen Plant,2024,Autumn,1448,5791,120,27,884
1118,Flavored Yogurt,Aarhus Plant,2024,Autumn,1445,5778,120,27,845
1119,Flavored Yogurt,Odense Plant,2024,Autumn,1449,5796,120,27,814
1120,Flavored Yogurt,Aalborg Plant,2024,Autumn,1622,6488,134,31,876
1121,Salted Butter,Copenhagen Plant,2024,Autumn,1318,1785,179,24,330
1122,Salted Butter,Aarhus Plant,2024,Autumn,1143,1549,155,21,275
1123,Salted Butter,Odense Plant,2024,Autumn,1214,1645,164,22,280
1124,Salted Butter,Aalborg Plant,2024,Autumn,1315,1782,178,24,292
1125,Unsalted Butter,Copenhagen Plant,2024,Autumn,1161,1547,159,20,319
1126,Unsalted Butter,Aarhus Plant,2024,Autumn,1174,1565,160,20,310
1127,Unsalted Butter,Odense Plant,2024,Autumn,1291,1722,176,22,327
1128,Unsalted Butter,Aalborg Plant,2024,Autumn,1213,1618,166,21,295
1129,Heavy Cream,Copenhagen Plant,2024,Autumn,985,2298,107,18,518
1130,Heavy Cream,Aarhus Plant,2024,Autumn,1036,2418,112,19,523
1131,Heavy Cream,Odense Plant,2024,Autumn,1017,2374,110,19,493
1132,Heavy Cream,Aalborg Plant,2024,Autumn,1131,2639,123,21,526
1133,Light Cream,Copenhagen Plant,2024,Autumn,836,1975,91,15,535
1134,Light Cream,Aarhus Plant,2024,Autumn,923,2182,101,17,567
1135,Light Cream,Odense Plant,2024,Autumn,862,2038,94,16,508
1136,Light Cream,Aalborg Plant,2024,Autumn,1028,2430,112,19,582
1137,Whipping Cream,Copenhagen Plant,2024,Autumn,1077,2402,112,19,493
1138,Whipping Cream,Aarhus Plant,2024,Autumn,1015,2264,105,18,445
1139,Whipping Cream,Odense Plant,2024,Autumn,1014,2262,105,18,427
1140,Whipping Cream,Aalborg Plant,2024,Autumn,1147,2560,119,20,465
1141,Sour Cream,Copenhagen Plant,2024,Autumn,1159,2650,116,21,463
1142,Sour Cream,Aarhus Plant,2024,Autumn,1088,2486,109,19,416
1143,Sour Cream,Odense Plant,2024,Autumn,1254,2867,125,22,461
1144,Sour Cream,Aalborg Plant,2024,Autumn,1268,2898,127,23,448
1145,Cottage Cheese,Copenhagen Plant,2024,Autumn,1226,2899,115,24,469
1146,Cottage Cheese,Aarhus Plant,2024,Autumn,1435,3392,135,28,526
1147,Cottage Cheese,Odense Plant,2024,Autumn,1542,3645,145,30,543
1148,Cottage Cheese,Aalborg Plant,2024,Autumn,1567,3703,147,30,530
1149,Ice Cream,Copenhagen Plant,2024,Autumn,2233,4386,247,52,697
1150,Ice Cream,Aarhus Plant,2024,Autumn,2330,4577,258,54,697
1151,Ice Cream,Odense Plant,2024,Autumn,2209,4339,245,51,635
1152,Ice Cream,Aalborg Plant,2024,Autumn,2309,4535,256,54,638
